1,Sell Short,3/11/14 10:00, Sell ,@CL,$108.34 ,$0.00 ,1,"$2,089.62 ",1.95%,"$2,790.00 ",95.22%,,$0.19 ,$10.00 
,Buy to Cover,3/12/14 11:00,Exit Short,@CL,$106.23 ,,"$2,110.00 ","$2,089.62 ",,($140.00),76.79%,72.01%,$0.19 ,$10.00 
2,Sell Short,3/13/14 11:00, Sell ,@CL,$105.25 ,$0.00 ,1,($500.38),-0.46%,$10.00 ,2.04%,,$0.19 ,$10.00 
,Buy to Cover,3/13/14 11:00,Stop Loss,@CL,$105.73 ,,($480.00),"$1,589.24 ",,($480.00),0.00%,-97.96%,$0.19 ,$10.00 
3,Buy,3/14/14 16:00, Buy ,@CL,$106.35 ,$0.00 ,1,($260.38),-0.23%,$440.00 ,54.32%,,$0.19 ,$10.00 
,Sell,3/17/14 6:00,Exit Long,@CL,$106.11 ,,($240.00),"$1,328.86 ",,($370.00),16.05%,-29.63%,$0.19 ,$10.00 
4,Buy,3/26/14 10:00, Buy ,@CL,$107.87 ,$0.00 ,1,"$2,019.62 ",1.89%,"$2,590.00 ",93.84%,,$0.19 ,$10.00 
,Sell,3/28/14 13:00,Exit Long,@CL,$109.91 ,,"$2,040.00 ","$3,348.48 ",,($170.00),80.07%,73.91%,$0.19 ,$10.00 
5,Sell Short,4/1/14 11:00, Sell ,@CL,$109.20 ,$0.00 ,1,"$1,479.62 ",1.37%,"$2,120.00 ",99.53%,,$0.19 ,$10.00 
,Buy to Cover,4/2/14 13:00,Exit Short,@CL,$107.70 ,,"$1,500.00 ","$4,828.10 ",,($10.00),70.89%,70.42%,$0.19 ,$10.00 
6,Buy,4/11/14 10:00, Buy ,@CL,$111.73 ,$0.00 ,1,$79.62 ,0.09%,$930.00 ,80.87%,,$0.19 ,$10.00 
,Sell,4/11/14 16:00,Exit Long,@CL,$111.83 ,,$100.00 ,"$4,907.72 ",,($220.00),27.83%,8.70%,$0.19 ,$10.00 
7,Buy,4/21/14 11:00, Buy ,@CL,$112.80 ,$0.00 ,1,($400.38),-0.34%,$180.00 ,32.14%,,$0.19 ,$10.00 
,Sell,4/21/14 14:00,Stop Loss,@CL,$112.42 ,,($380.00),"$4,507.34 ",,($380.00),0.00%,-67.86%,$0.19 ,$10.00 
8,Buy,5/20/14 13:00, Buy ,@CL,$111.84 ,$0.00 ,1,"$1,399.62 ",1.27%,"$1,970.00 ",86.78%,,$0.19 ,$10.00 
,Sell,5/21/14 17:00,Exit Long,@CL,$113.26 ,,"$1,420.00 ","$5,906.96 ",,($300.00),75.77%,62.56%,$0.19 ,$10.00 
9,Buy,5/23/14 9:00, Buy ,@CL,$113.48 ,$0.00 ,1,$129.62 ,0.13%,$540.00 ,88.52%,,$0.19 ,$10.00 
,Sell,5/25/14 22:00,Exit Long,@CL,$113.63 ,,$150.00 ,"$6,036.58 ",,($70.00),36.07%,24.59%,$0.19 ,$10.00 
10,Sell Short,6/18/14 12:00, Sell ,@CL,$115.76 ,$0.00 ,1,($260.38),-0.21%,$390.00 ,60.00%,,$0.19 ,$10.00 
,Buy to Cover,6/19/14 0:00,Exit Short,@CL,$116.00 ,,($240.00),"$5,776.20 ",,($260.00),3.08%,-36.92%,$0.19 ,$10.00 
11,Buy,6/20/14 10:00, Buy ,@CL,$116.49 ,$0.00 ,1,$329.62 ,0.30%,$940.00 ,83.19%,,$0.19 ,$10.00 
,Sell,6/23/14 9:00,Exit Long,@CL,$116.84 ,,$350.00 ,"$6,105.82 ",,($190.00),47.79%,30.97%,$0.19 ,$10.00 
12,Buy,6/25/14 19:00, Buy ,@CL,$116.72 ,$0.00 ,1,($300.38),-0.24%,$100.00 ,26.32%,,$0.19 ,$10.00 
,Sell,6/26/14 5:00,Stop Loss,@CL,$116.44 ,,($280.00),"$5,805.44 ",,($280.00),0.00%,-73.68%,$0.19 ,$10.00 
13,Sell Short,7/1/14 12:00, Sell ,@CL,$115.32 ,$0.00 ,1,($20.38),0.00%,$710.00 ,86.59%,,$0.19 ,$10.00 
,Buy to Cover,7/1/14 16:00,Exit Short,@CL,$115.32 ,,$0.00 ,"$5,785.06 ",,($110.00),13.41%,0.00%,$0.19 ,$10.00 
14,Sell Short,7/4/14 9:00, Sell ,@CL,$113.72 ,$0.00 ,1,($200.38),-0.16%,$50.00 ,21.74%,,$0.19 ,$10.00 
,Buy to Cover,7/6/14 22:00,Stop Loss,@CL,$113.90 ,,($180.00),"$5,584.68 ",,($180.00),0.00%,-78.26%,$0.19 ,$10.00 
15,Sell Short,7/8/14 14:00, Sell ,@CL,$113.19 ,$0.00 ,1,($290.38),-0.24%,$170.00 ,36.96%,,$0.19 ,$10.00 
,Buy to Cover,7/8/14 16:00,Exit Short,@CL,$113.46 ,,($270.00),"$5,294.30 ",,($290.00),4.35%,-58.70%,$0.19 ,$10.00 
16,Sell Short,7/9/14 9:00, Sell ,@CL,$113.23 ,$0.00 ,1,"$1,189.62 ",1.07%,"$1,670.00 ",97.09%,,$0.19 ,$10.00 
,Buy to Cover,7/10/14 9:00,Exit Short,@CL,$112.02 ,,"$1,210.00 ","$6,483.92 ",,($50.00),73.26%,70.35%,$0.19 ,$10.00 
17,Sell Short,7/29/14 9:00, Sell ,@CL,$112.22 ,$0.00 ,1,($210.38),-0.17%,$660.00 ,74.16%,,$0.19 ,$10.00 
,Buy to Cover,7/29/14 12:00,Exit Short,@CL,$112.41 ,,($190.00),"$6,273.54 ",,($230.00),4.49%,-21.35%,$0.19 ,$10.00 
18,Buy,8/11/14 11:00, Buy ,@CL,$109.25 ,$0.00 ,1,($150.38),-0.12%,$520.00 ,67.53%,,$0.19 ,$10.00 
,Sell,8/11/14 17:00,Exit Long,@CL,$109.12 ,,($130.00),"$6,123.16 ",,($250.00),15.58%,-16.88%,$0.19 ,$10.00 
19,Sell Short,8/13/14 12:00, Sell ,@CL,$108.12 ,$0.00 ,1,($500.38),-0.44%,$180.00 ,27.27%,,$0.19 ,$10.00 
,Buy to Cover,8/13/14 13:00,Stop Loss,@CL,$108.60 ,,($480.00),"$5,622.78 ",,($480.00),0.00%,-72.73%,$0.19 ,$10.00 
20,Sell Short,8/14/14 11:00, Sell ,@CL,$108.22 ,$0.00 ,1,$899.62 ,0.85%,"$1,770.00 ",97.79%,,$0.19 ,$10.00 
,Buy to Cover,8/15/14 11:00,Exit Short,@CL,$107.30 ,,$920.00 ,"$6,522.40 ",,($40.00),53.04%,50.83%,$0.19 ,$10.00 
21,Buy,8/25/14 7:00, Buy ,@CL,$106.97 ,$0.00 ,1,($220.38),-0.19%,$200.00 ,50.00%,,$0.19 ,$10.00 
,Sell,8/25/14 10:00,Stop Loss,@CL,$106.77 ,,($200.00),"$6,302.02 ",,($200.00),0.00%,-50.00%,$0.19 ,$10.00 
22,Sell Short,8/25/14 11:00, Sell ,@CL,$106.37 ,$0.00 ,1,($400.38),-0.36%,$100.00 ,20.83%,,$0.19 ,$10.00 
,Buy to Cover,8/25/14 12:00,Stop Loss,@CL,$106.75 ,,($380.00),"$5,901.64 ",,($380.00),0.00%,-79.17%,$0.19 ,$10.00 
23,Sell Short,8/26/14 13:00, Sell ,@CL,$106.74 ,$0.00 ,1,($620.38),-0.56%,$170.00 ,22.08%,,$0.19 ,$10.00 
,Buy to Cover,8/27/14 4:00,Stop Loss,@CL,$107.34 ,,($600.00),"$5,281.26 ",,($600.00),0.00%,-77.92%,$0.19 ,$10.00 
24,Buy,8/28/14 10:00, Buy ,@CL,$107.32 ,$0.00 ,1,"$1,459.62 ",1.38%,"$1,900.00 ",88.79%,,$0.19 ,$10.00 
,Sell,9/1/14 5:00,Exit Long,@CL,$108.80 ,,"$1,480.00 ","$6,740.88 ",,($240.00),80.37%,69.16%,$0.19 ,$10.00 
25,Sell Short,9/5/14 9:00, Sell ,@CL,$107.64 ,$0.00 ,1,"$1,639.62 ",1.54%,"$2,620.00 ",90.97%,,$0.19 ,$10.00 
,Buy to Cover,9/8/14 16:00,Exit Short,@CL,$105.98 ,,"$1,660.00 ","$8,380.50 ",,($260.00),66.67%,57.64%,$0.19 ,$10.00 
26,Sell Short,9/10/14 9:00, Sell ,@CL,$105.64 ,$0.00 ,1,$749.62 ,0.73%,"$1,990.00 ",85.78%,,$0.19 ,$10.00 
,Buy to Cover,9/11/14 11:00,Exit Short,@CL,$104.87 ,,$770.00 ,"$9,130.12 ",,($330.00),47.41%,33.19%,$0.19 ,$10.00 
27,Buy,9/24/14 15:00, Buy ,@CL,$106.40 ,$0.00 ,1,$409.62 ,0.40%,"$1,580.00 ",99.37%,,$0.19 ,$10.00 
,Sell,9/25/14 12:00,Exit Long,@CL,$106.83 ,,$430.00 ,"$9,539.74 ",,($10.00),27.67%,27.04%,$0.19 ,$10.00 
28,Buy,9/29/14 12:00, Buy ,@CL,$107.98 ,$0.00 ,1,$109.62 ,0.12%,"$1,360.00 ",93.79%,,$0.19 ,$10.00 
,Sell,9/30/14 11:00,Exit Long,@CL,$108.11 ,,$130.00 ,"$9,649.36 ",,($90.00),15.17%,8.97%,$0.19 ,$10.00 
29,Sell Short,10/6/14 12:00, Sell ,@CL,$103.61 ,$0.00 ,1,($640.38),-0.60%,$120.00 ,15.38%,,$0.19 ,$10.00 
,Buy to Cover,10/6/14 14:00,Exit Short,@CL,$104.23 ,,($620.00),"$9,008.98 ",,($660.00),5.13%,-79.49%,$0.19 ,$10.00 
30,Sell Short,10/9/14 7:00, Sell ,@CL,$101.75 ,$0.00 ,1,"$2,749.62 ",2.72%,"$3,720.00 ",97.38%,,$0.19 ,$10.00 
,Buy to Cover,10/10/14 5:00,Exit Short,@CL,$98.98 ,,"$2,770.00 ","$11,758.60 ",,($100.00),75.13%,72.51%,$0.19 ,$10.00 
31,Sell Short,10/14/14 11:00, Sell ,@CL,$98.85 ,$0.00 ,1,"$2,089.62 ",2.13%,"$4,400.00 ",94.22%,,$0.19 ,$10.00 
,Buy to Cover,10/15/14 11:00,Exit Short,@CL,$96.74 ,,"$2,110.00 ","$13,848.22 ",,($270.00),50.96%,45.18%,$0.19 ,$10.00 
32,Buy,10/22/14 9:00, Buy ,@CL,$98.05 ,$0.00 ,1,($500.38),-0.49%,$290.00 ,37.66%,,$0.19 ,$10.00 
,Sell,10/22/14 11:00,Stop Loss,@CL,$97.57 ,,($480.00),"$13,347.84 ",,($480.00),0.00%,-62.34%,$0.19 ,$10.00 
33,Sell Short,10/27/14 8:00, Sell ,@CL,$95.67 ,$0.00 ,1,($380.38),-0.38%,"$1,040.00 ",74.29%,,$0.19 ,$10.00 
,Buy to Cover,10/27/14 12:00,Stop Loss,@CL,$96.03 ,,($360.00),"$12,967.46 ",,($360.00),0.00%,-25.71%,$0.19 ,$10.00 
34,Sell Short,11/12/14 16:00, Sell ,@CL,$91.95 ,$0.00 ,1,"$2,429.62 ",2.66%,"$3,510.00 ",89.77%,,$0.19 ,$10.00 
,Buy to Cover,11/14/14 6:00,Exit Short,@CL,$89.50 ,,"$2,450.00 ","$15,397.08 ",,($400.00),72.89%,62.66%,$0.19 ,$10.00 
35,Buy,11/20/14 11:00, Buy ,@CL,$90.22 ,$0.00 ,1,"$1,059.62 ",1.20%,"$1,750.00 ",86.63%,,$0.19 ,$10.00 
,Sell,11/21/14 4:00,Exit Long,@CL,$91.30 ,,"$1,080.00 ","$16,456.70 ",,($270.00),66.83%,53.47%,$0.19 ,$10.00 
36,Sell Short,12/3/14 8:00, Sell ,@CL,$82.14 ,$0.00 ,1,($570.38),-0.67%,$90.00 ,14.06%,,$0.19 ,$10.00 
,Buy to Cover,12/3/14 9:00,Stop Loss,@CL,$82.69 ,,($550.00),"$15,886.32 ",,($550.00),0.00%,-85.94%,$0.19 ,$10.00 
37,Sell Short,12/3/14 13:00, Sell ,@CL,$82.23 ,$0.00 ,1,($870.38),-1.03%,$260.00 ,23.42%,,$0.19 ,$10.00 
,Buy to Cover,12/4/14 0:00,Stop Loss,@CL,$83.08 ,,($850.00),"$15,015.94 ",,($850.00),0.00%,-76.58%,$0.19 ,$10.00 
38,Sell Short,12/4/14 7:00, Sell ,@CL,$82.49 ,$0.00 ,1,"$1,089.62 ",1.35%,"$2,150.00 ",93.48%,,$0.19 ,$10.00 
,Buy to Cover,12/5/14 14:00,Exit Short,@CL,$81.38 ,,"$1,110.00 ","$16,105.56 ",,($150.00),54.78%,48.26%,$0.19 ,$10.00 
39,Sell Short,12/26/14 11:00, Sell ,@CL,$70.56 ,$0.00 ,1,$359.62 ,0.54%,"$1,210.00 ",87.68%,,$0.19 ,$10.00 
,Buy to Cover,12/28/14 21:00,Exit Short,@CL,$70.18 ,,$380.00 ,"$16,465.18 ",,($170.00),39.86%,27.54%,$0.19 ,$10.00 
40,Buy,1/14/15 15:00, Buy ,@CL,$61.20 ,$0.00 ,1,"$1,889.62 ",3.12%,"$3,230.00 ",99.69%,,$0.19 ,$10.00 
,Sell,1/14/15 22:00,Exit Long,@CL,$63.11 ,,"$1,910.00 ","$18,354.80 ",,($10.00),59.26%,58.95%,$0.19 ,$10.00 
41,Buy,1/22/15 7:00, Buy ,@CL,$62.20 ,$0.00 ,1,($280.38),-0.42%,"$1,250.00 ",80.13%,,$0.19 ,$10.00 
,Sell,1/22/15 10:00,Exit Long,@CL,$61.94 ,,($260.00),"$18,074.42 ",,($310.00),3.21%,-16.67%,$0.19 ,$10.00 
42,Sell Short,1/28/15 10:00, Sell ,@CL,$59.56 ,$0.00 ,1,($410.38),-0.65%,$680.00 ,63.55%,,$0.19 ,$10.00 
,Buy to Cover,1/28/15 12:00,Stop Loss,@CL,$59.95 ,,($390.00),"$17,664.04 ",,($390.00),0.00%,-36.45%,$0.19 ,$10.00 
43,Buy,2/16/15 8:00, Buy ,@CL,$67.46 ,$0.00 ,1,($580.38),-0.83%,$450.00 ,44.55%,,$0.19 ,$10.00 
,Sell,2/17/15 9:00,Stop Loss,@CL,$66.90 ,,($560.00),"$17,083.66 ",,($560.00),0.00%,-55.45%,$0.19 ,$10.00 
44,Sell Short,2/20/15 16:00, Sell ,@CL,$64.59 ,$0.00 ,1,"$1,199.62 ",1.89%,"$2,240.00 ",96.55%,,$0.19 ,$10.00 
,Buy to Cover,2/23/15 12:00,Exit Short,@CL,$63.37 ,,"$1,220.00 ","$18,283.28 ",,($80.00),56.03%,52.59%,$0.19 ,$10.00 
45,Sell Short,3/2/15 8:00, Sell ,@CL,$62.42 ,$0.00 ,1,($430.38),-0.66%,$30.00 ,6.82%,,$0.19 ,$10.00 
,Buy to Cover,3/2/15 9:00,Stop Loss,@CL,$62.83 ,,($410.00),"$17,852.90 ",,($410.00),0.00%,-93.18%,$0.19 ,$10.00 
46,Buy,3/4/15 15:00, Buy ,@CL,$64.78 ,$0.00 ,1,$119.62 ,0.22%,"$1,300.00 ",99.24%,,$0.19 ,$10.00 
,Sell,3/5/15 10:00,Exit Long,@CL,$64.92 ,,$140.00 ,"$17,972.52 ",,($10.00),11.45%,10.69%,$0.19 ,$10.00 
47,Sell Short,3/20/15 8:00, Sell ,@CL,$56.74 ,$0.00 ,1,($410.38),-0.69%,$230.00 ,37.10%,,$0.19 ,$10.00 
,Buy to Cover,3/20/15 9:00,Stop Loss,@CL,$57.13 ,,($390.00),"$17,562.14 ",,($390.00),0.00%,-62.90%,$0.19 ,$10.00 
48,Buy,3/25/15 10:00, Buy ,@CL,$59.49 ,$0.00 ,1,"$3,169.62 ",5.36%,"$4,680.00 ",91.76%,,$0.19 ,$10.00 
,Sell,3/26/15 8:00,Exit Long,@CL,$62.68 ,,"$3,190.00 ","$20,731.76 ",,($420.00),70.78%,62.55%,$0.19 ,$10.00 
49,Sell Short,4/9/15 16:00, Sell ,@CL,$62.49 ,$0.00 ,1,($30.38),-0.02%,$720.00 ,80.90%,,$0.19 ,$10.00 
,Buy to Cover,4/10/15 9:00,Exit Short,@CL,$62.50 ,,($10.00),"$20,701.38 ",,($170.00),17.98%,-1.12%,$0.19 ,$10.00 
50,Buy,4/14/15 11:00, Buy ,@CL,$64.57 ,$0.00 ,1,"$3,009.62 ",4.69%,"$3,810.00 ",93.84%,,$0.19 ,$10.00 
,Sell,4/16/15 5:00,Exit Long,@CL,$67.60 ,,"$3,030.00 ","$23,711.00 ",,($250.00),80.79%,74.63%,$0.19 ,$10.00 
51,Buy,4/17/15 11:00, Buy ,@CL,$68.40 ,$0.00 ,1,($650.38),-0.92%,$230.00 ,26.74%,,$0.19 ,$10.00 
,Sell,4/17/15 12:00,Stop Loss,@CL,$67.77 ,,($630.00),"$23,060.62 ",,($630.00),0.00%,-73.26%,$0.19 ,$10.00 
52,Buy,4/20/15 12:00, Buy ,@CL,$68.60 ,$0.00 ,1,($700.38),-0.99%,$130.00 ,14.13%,,$0.19 ,$10.00 
,Sell,4/20/15 15:00,Exit Long,@CL,$67.92 ,,($680.00),"$22,360.24 ",,($790.00),11.96%,-73.91%,$0.19 ,$10.00 
53,Sell Short,4/27/15 7:00, Sell ,@CL,$67.11 ,$0.00 ,1,($450.38),-0.64%,$100.00 ,18.87%,,$0.19 ,$10.00 
,Buy to Cover,4/27/15 10:00,Stop Loss,@CL,$67.54 ,,($430.00),"$21,909.86 ",,($430.00),0.00%,-81.13%,$0.19 ,$10.00 
54,Sell Short,4/27/15 15:00, Sell ,@CL,$66.98 ,$0.00 ,1,($0.38),0.03%,$620.00 ,63.92%,,$0.19 ,$10.00 
,Buy to Cover,4/28/15 6:00,Exit Short,@CL,$66.96 ,,$20.00 ,"$21,909.48 ",,($350.00),38.14%,2.06%,$0.19 ,$10.00 
55,Buy,4/29/15 11:00, Buy ,@CL,$67.59 ,$0.00 ,1,"$1,069.62 ",1.61%,"$2,030.00 ",93.98%,,$0.19 ,$10.00 
,Sell,4/29/15 16:00,Exit Long,@CL,$68.68 ,,"$1,090.00 ","$22,979.10 ",,($130.00),56.48%,50.46%,$0.19 ,$10.00 
56,Sell Short,5/4/15 12:00, Sell ,@CL,$68.92 ,$0.00 ,1,($690.38),-0.97%,$20.00 ,2.90%,,$0.19 ,$10.00 
,Buy to Cover,5/5/15 5:00,Stop Loss,@CL,$69.59 ,,($670.00),"$22,288.72 ",,($670.00),0.00%,-97.10%,$0.19 ,$10.00 
57,Buy,5/12/15 6:00, Buy ,@CL,$70.01 ,$0.00 ,1,($20.38),0.00%,$830.00 ,77.57%,,$0.19 ,$10.00 
,Sell,5/12/15 11:00,Exit Long,@CL,$70.01 ,,$0.00 ,"$22,268.34 ",,($240.00),22.43%,0.00%,$0.19 ,$10.00 
58,Sell Short,5/18/15 11:00, Sell ,@CL,$69.91 ,$0.00 ,1,"$1,999.62 ",2.89%,"$2,650.00 ",92.01%,,$0.19 ,$10.00 
,Buy to Cover,5/20/15 0:00,Exit Short,@CL,$67.89 ,,"$2,020.00 ","$24,267.96 ",,($230.00),78.13%,70.14%,$0.19 ,$10.00 
59,Sell Short,5/26/15 6:00, Sell ,@CL,$68.60 ,$0.00 ,1,$929.62 ,1.38%,"$1,560.00 ",87.15%,,$0.19 ,$10.00 
,Buy to Cover,5/26/15 19:00,Exit Short,@CL,$67.65 ,,$950.00 ,"$25,197.58 ",,($230.00),65.92%,53.07%,$0.19 ,$10.00 
60,Buy,6/1/15 16:00, Buy ,@CL,$69.53 ,$0.00 ,1,$699.62 ,1.04%,"$1,380.00 ",92.62%,,$0.19 ,$10.00 
,Sell,6/2/15 21:00,Exit Long,@CL,$70.25 ,,$720.00 ,"$25,897.20 ",,($110.00),55.70%,48.32%,$0.19 ,$10.00 
61,Sell Short,6/4/15 10:00, Sell ,@CL,$68.58 ,$0.00 ,1,$879.62 ,1.31%,"$1,990.00 ",97.55%,,$0.19 ,$10.00 
,Buy to Cover,6/5/15 9:00,Exit Short,@CL,$67.68 ,,$900.00 ,"$26,776.82 ",,($50.00),46.57%,44.12%,$0.19 ,$10.00 
62,Buy,6/9/15 6:00, Buy ,@CL,$68.18 ,$0.00 ,1,"$1,709.62 ",2.54%,"$2,970.00 ",96.12%,,$0.19 ,$10.00 
,Sell,6/10/15 13:00,Exit Long,@CL,$69.91 ,,"$1,730.00 ","$28,486.44 ",,($120.00),59.87%,55.99%,$0.19 ,$10.00 
63,Sell Short,7/8/15 12:00, Sell ,@CL,$60.60 ,$0.00 ,1,($200.38),-0.30%,$770.00 ,77.78%,,$0.19 ,$10.00 
,Buy to Cover,7/8/15 17:00,Exit Short,@CL,$60.78 ,,($180.00),"$28,286.06 ",,($220.00),4.04%,-18.18%,$0.19 ,$10.00 
64,Sell Short,7/20/15 11:00, Sell ,@CL,$59.23 ,$0.00 ,1,$9.62 ,0.05%,$550.00 ,55.00%,,$0.19 ,$10.00 
,Buy to Cover,7/21/15 10:00,Exit Short,@CL,$59.20 ,,$30.00 ,"$28,295.68 ",,($450.00),48.00%,3.00%,$0.19 ,$10.00 
65,Buy,8/5/15 10:00, Buy ,@CL,$54.89 ,$0.00 ,1,($400.38),-0.69%,$410.00 ,51.90%,,$0.19 ,$10.00 
,Sell,8/5/15 11:00,Stop Loss,@CL,$54.51 ,,($380.00),"$27,895.30 ",,($380.00),0.00%,-48.10%,$0.19 ,$10.00 
66,Sell Short,8/13/15 10:00, Sell ,@CL,$51.43 ,$0.00 ,1,$439.62 ,0.89%,"$1,480.00 ",90.80%,,$0.19 ,$10.00 
,Buy to Cover,8/14/15 9:00,Exit Short,@CL,$50.97 ,,$460.00 ,"$28,334.92 ",,($150.00),37.42%,28.22%,$0.19 ,$10.00 
67,Sell Short,8/20/15 17:00, Sell ,@CL,$48.89 ,$0.00 ,1,($350.38),-0.67%,$180.00 ,26.87%,,$0.19 ,$10.00 
,Buy to Cover,8/21/15 6:00,Exit Short,@CL,$49.22 ,,($330.00),"$27,984.54 ",,($490.00),23.88%,-49.25%,$0.19 ,$10.00 
68,Sell Short,8/21/15 10:00, Sell ,@CL,$48.81 ,$0.00 ,1,($380.38),-0.74%,$0.00 ,0.00%,,$0.19 ,$10.00 
,Buy to Cover,8/21/15 10:00,Stop Loss,@CL,$49.17 ,,($360.00),"$27,604.16 ",,($360.00),0.00%,-100.00%,$0.19 ,$10.00 
69,Buy,9/30/15 17:00, Buy ,@CL,$53.21 ,$0.00 ,1,$59.62 ,0.15%,"$1,650.00 ",88.24%,,$0.19 ,$10.00 
,Sell,10/1/15 12:00,Exit Long,@CL,$53.29 ,,$80.00 ,"$27,663.78 ",,($220.00),16.04%,4.28%,$0.19 ,$10.00 
70,Sell Short,10/2/15 10:00, Sell ,@CL,$52.68 ,$0.00 ,1,($590.38),-1.08%,$950.00 ,62.50%,,$0.19 ,$10.00 
,Buy to Cover,10/2/15 14:00,Stop Loss,@CL,$53.25 ,,($570.00),"$27,073.40 ",,($570.00),0.00%,-37.50%,$0.19 ,$10.00 
71,Buy,10/6/15 10:00, Buy ,@CL,$54.44 ,$0.00 ,1,"$2,179.62 ",4.04%,"$3,030.00 ",93.23%,,$0.19 ,$10.00 
,Sell,10/7/15 12:00,Exit Long,@CL,$56.64 ,,"$2,200.00 ","$29,253.02 ",,($220.00),74.46%,67.69%,$0.19 ,$10.00 
72,Sell Short,10/20/15 13:00, Sell ,@CL,$53.31 ,$0.00 ,1,($260.38),-0.45%,$380.00 ,58.46%,,$0.19 ,$10.00 
,Buy to Cover,10/20/15 16:00,Exit Short,@CL,$53.55 ,,($240.00),"$28,992.64 ",,($270.00),4.62%,-36.92%,$0.19 ,$10.00 
73,Sell Short,10/23/15 10:00, Sell ,@CL,$52.26 ,$0.00 ,1,$159.62 ,0.34%,$850.00 ,97.70%,,$0.19 ,$10.00 
,Buy to Cover,10/26/15 6:00,Exit Short,@CL,$52.08 ,,$180.00 ,"$29,152.26 ",,($20.00),22.99%,20.69%,$0.19 ,$10.00 
74,Buy,10/30/15 14:00, Buy ,@CL,$53.57 ,$0.00 ,1,($290.38),-0.50%,$670.00 ,64.42%,,$0.19 ,$10.00 
,Sell,11/2/15 5:00,Exit Long,@CL,$53.30 ,,($270.00),"$28,861.88 ",,($370.00),9.62%,-25.96%,$0.19 ,$10.00 
75,Sell Short,11/10/15 10:00, Sell ,@CL,$50.99 ,$0.00 ,1,($450.38),-0.84%,$210.00 ,32.81%,,$0.19 ,$10.00 
,Buy to Cover,11/10/15 10:00,Stop Loss,@CL,$51.42 ,,($430.00),"$28,411.50 ",,($430.00),0.00%,-67.19%,$0.19 ,$10.00 
76,Sell Short,11/11/15 12:00, Sell ,@CL,$50.51 ,$0.00 ,1,"$1,359.62 ",2.73%,"$1,920.00 ",98.46%,,$0.19 ,$10.00 
,Buy to Cover,11/13/15 5:00,Exit Short,@CL,$49.13 ,,"$1,380.00 ","$29,771.12 ",,($30.00),72.31%,70.77%,$0.19 ,$10.00 
77,Sell Short,11/20/15 8:00, Sell ,@CL,$47.57 ,$0.00 ,1,($360.38),-0.71%,$40.00 ,10.53%,,$0.19 ,$10.00 
,Buy to Cover,11/20/15 10:00,Stop Loss,@CL,$47.91 ,,($340.00),"$29,410.74 ",,($340.00),0.00%,-89.47%,$0.19 ,$10.00 
78,Sell Short,11/20/15 16:00, Sell ,@CL,$47.74 ,$0.00 ,1,$339.62 ,0.75%,"$1,170.00 ",93.60%,,$0.19 ,$10.00 
,Buy to Cover,11/23/15 8:00,Exit Short,@CL,$47.38 ,,$360.00 ,"$29,750.36 ",,($80.00),35.20%,28.80%,$0.19 ,$10.00 
79,Sell Short,11/30/15 14:00, Sell ,@CL,$47.92 ,$0.00 ,1,($190.38),-0.35%,$240.00 ,51.06%,,$0.19 ,$10.00 
,Buy to Cover,12/1/15 1:00,Exit Short,@CL,$48.09 ,,($170.00),"$29,559.98 ",,($230.00),12.77%,-36.17%,$0.19 ,$10.00 
80,Sell Short,12/2/15 6:00, Sell ,@CL,$47.62 ,$0.00 ,1,($250.38),-0.48%,$690.00 ,75.00%,,$0.19 ,$10.00 
,Buy to Cover,12/2/15 11:00,Stop Loss,@CL,$47.85 ,,($230.00),"$29,309.60 ",,($230.00),0.00%,-25.00%,$0.19 ,$10.00 
81,Sell Short,12/9/15 13:00, Sell ,@CL,$43.47 ,$0.00 ,1,"$1,999.62 ",4.65%,"$2,780.00 ",92.36%,,$0.19 ,$10.00 
,Buy to Cover,12/14/15 10:00,Exit Short,@CL,$41.45 ,,"$2,020.00 ","$31,309.22 ",,($230.00),74.75%,67.11%,$0.19 ,$10.00 
82,Sell Short,12/18/15 8:00, Sell ,@CL,$40.78 ,$0.00 ,1,($360.38),-0.83%,$130.00 ,27.66%,,$0.19 ,$10.00 
,Buy to Cover,12/18/15 10:00,Stop Loss,@CL,$41.12 ,,($340.00),"$30,948.84 ",,($340.00),0.00%,-72.34%,$0.19 ,$10.00 
83,Sell Short,12/21/15 9:00, Sell ,@CL,$40.45 ,$0.00 ,1,($350.38),-0.82%,$20.00 ,5.71%,,$0.19 ,$10.00 
,Buy to Cover,12/21/15 9:00,Stop Loss,@CL,$40.78 ,,($330.00),"$30,598.46 ",,($330.00),0.00%,-94.29%,$0.19 ,$10.00 
84,Buy,12/22/15 13:00, Buy ,@CL,$41.36 ,$0.00 ,1,"$1,069.62 ",2.64%,"$1,520.00 ",79.17%,,$0.19 ,$10.00 
,Sell,12/24/15 8:00,Exit Long,@CL,$42.45 ,,"$1,090.00 ","$31,668.08 ",,($400.00),77.60%,56.77%,$0.19 ,$10.00 
85,Sell Short,2/5/16 10:00, Sell ,@CL,$35.38 ,$0.00 ,1,$979.62 ,2.83%,"$1,850.00 ",72.27%,,$0.19 ,$10.00 
,Buy to Cover,2/8/16 12:00,Exit Short,@CL,$34.38 ,,"$1,000.00 ","$32,647.70 ",,($710.00),66.80%,39.06%,$0.19 ,$10.00 
86,Sell Short,2/9/16 9:00, Sell ,@CL,$33.65 ,$0.00 ,1,"$2,279.62 ",6.84%,"$3,470.00 ",87.41%,,$0.19 ,$10.00 
,Buy to Cover,2/11/16 11:00,Exit Short,@CL,$31.35 ,,"$2,300.00 ","$34,927.32 ",,($500.00),70.53%,57.93%,$0.19 ,$10.00 
87,Buy,3/2/16 12:00, Buy ,@CL,$36.39 ,$0.00 ,1,($260.38),-0.66%,$580.00 ,62.37%,,$0.19 ,$10.00 
,Sell,3/3/16 10:00,Exit Long,@CL,$36.15 ,,($240.00),"$34,666.94 ",,($350.00),11.83%,-25.81%,$0.19 ,$10.00 
88,Buy,3/3/16 12:00, Buy ,@CL,$36.91 ,$0.00 ,1,($550.38),-1.44%,$100.00 ,15.87%,,$0.19 ,$10.00 
,Sell,3/3/16 12:00,Stop Loss,@CL,$36.38 ,,($530.00),"$34,116.56 ",,($530.00),0.00%,-84.13%,$0.19 ,$10.00 
89,Buy,3/22/16 12:00, Buy ,@CL,$41.96 ,$0.00 ,1,($690.38),-1.60%,$20.00 ,2.90%,,$0.19 ,$10.00 
,Sell,3/23/16 1:00,Stop Loss,@CL,$41.29 ,,($670.00),"$33,426.18 ",,($670.00),0.00%,-97.10%,$0.19 ,$10.00 
90,Sell Short,3/23/16 10:00, Sell ,@CL,$41.21 ,$0.00 ,1,"$1,699.62 ",4.17%,"$2,540.00 ",98.83%,,$0.19 ,$10.00 
,Buy to Cover,3/24/16 13:00,Exit Short,@CL,$39.49 ,,"$1,720.00 ","$35,125.80 ",,($30.00),68.09%,66.93%,$0.19 ,$10.00 
91,Sell Short,4/1/16 7:00, Sell ,@CL,$38.04 ,$0.00 ,1,$899.62 ,2.42%,"$1,520.00 ",95.00%,,$0.19 ,$10.00 
,Buy to Cover,4/4/16 7:00,Exit Short,@CL,$37.12 ,,$920.00 ,"$36,025.42 ",,($80.00),62.50%,57.50%,$0.19 ,$10.00 
92,Sell Short,5/2/16 11:00, Sell ,@CL,$44.30 ,$0.00 ,1,($40.38),-0.05%,$770.00 ,80.21%,,$0.19 ,$10.00 
,Buy to Cover,5/3/16 4:00,Exit Short,@CL,$44.32 ,,($20.00),"$35,985.04 ",,($190.00),17.71%,-2.08%,$0.19 ,$10.00 
93,Sell Short,5/4/16 13:00, Sell ,@CL,$42.62 ,$0.00 ,1,($260.38),-0.56%,$410.00 ,53.25%,,$0.19 ,$10.00 
,Buy to Cover,5/4/16 16:00,Exit Short,@CL,$42.86 ,,($240.00),"$35,724.66 ",,($360.00),15.58%,-31.17%,$0.19 ,$10.00 
94,Sell Short,6/27/16 9:00, Sell ,@CL,$44.91 ,$0.00 ,1,$379.62 ,0.89%,"$1,300.00 ",98.48%,,$0.19 ,$10.00 
,Buy to Cover,6/27/16 17:00,Exit Short,@CL,$44.51 ,,$400.00 ,"$36,104.28 ",,($20.00),31.82%,30.30%,$0.19 ,$10.00 
95,Sell Short,7/11/16 14:00, Sell ,@CL,$42.47 ,$0.00 ,1,($330.38),-0.73%,$270.00 ,38.03%,,$0.19 ,$10.00 
,Buy to Cover,7/12/16 4:00,Exit Short,@CL,$42.78 ,,($310.00),"$35,773.90 ",,($440.00),18.31%,-43.66%,$0.19 ,$10.00 
96,Buy,7/15/16 9:00, Buy ,@CL,$43.62 ,$0.00 ,1,($160.38),-0.32%,$490.00 ,60.49%,,$0.19 ,$10.00 
,Sell,7/18/16 8:00,Exit Long,@CL,$43.48 ,,($140.00),"$35,613.52 ",,($320.00),22.22%,-17.28%,$0.19 ,$10.00 
97,Sell Short,7/27/16 7:00, Sell ,@CL,$39.66 ,$0.00 ,1,($320.38),-0.76%,$60.00 ,16.67%,,$0.19 ,$10.00 
,Buy to Cover,7/27/16 9:00,Stop Loss,@CL,$39.96 ,,($300.00),"$35,293.14 ",,($300.00),0.00%,-83.33%,$0.19 ,$10.00 
98,Buy,8/5/16 16:00, Buy ,@CL,$38.94 ,$0.00 ,1,$929.62 ,2.44%,"$1,530.00 ",96.84%,,$0.19 ,$10.00 
,Sell,8/8/16 16:00,Exit Long,@CL,$39.89 ,,$950.00 ,"$36,222.76 ",,($50.00),63.29%,60.13%,$0.19 ,$10.00 
99,Buy,8/26/16 10:00, Buy ,@CL,$43.76 ,$0.00 ,1,($290.38),-0.62%,$160.00 ,37.21%,,$0.19 ,$10.00 
,Sell,8/26/16 11:00,Stop Loss,@CL,$43.49 ,,($270.00),"$35,932.38 ",,($270.00),0.00%,-62.79%,$0.19 ,$10.00 
100,Sell Short,8/29/16 10:00, Sell ,@CL,$43.09 ,$0.00 ,1,($320.38),-0.70%,$120.00 ,28.57%,,$0.19 ,$10.00 
,Buy to Cover,8/29/16 14:00,Stop Loss,@CL,$43.39 ,,($300.00),"$35,612.00 ",,($300.00),0.00%,-71.43%,$0.19 ,$10.00 
101,Sell Short,9/14/16 9:00, Sell ,@CL,$41.21 ,$0.00 ,1,$979.62 ,2.43%,"$1,540.00 ",84.62%,,$0.19 ,$10.00 
,Buy to Cover,9/15/16 7:00,Exit Short,@CL,$40.21 ,,"$1,000.00 ","$36,591.62 ",,($280.00),70.33%,54.95%,$0.19 ,$10.00 
102,Buy,10/4/16 11:00, Buy ,@CL,$44.67 ,$0.00 ,1,($380.38),-0.81%,$130.00 ,26.53%,,$0.19 ,$10.00 
,Sell,10/4/16 11:00,Stop Loss,@CL,$44.31 ,,($360.00),"$36,211.24 ",,($360.00),0.00%,-73.47%,$0.19 ,$10.00 
103,Buy,10/6/16 7:00, Buy ,@CL,$45.56 ,$0.00 ,1,$289.62 ,0.68%,$920.00 ,87.62%,,$0.19 ,$10.00 
,Sell,10/7/16 7:00,Exit Long,@CL,$45.87 ,,$310.00 ,"$36,500.86 ",,($130.00),41.90%,29.52%,$0.19 ,$10.00 
104,Buy,11/8/16 14:00, Buy ,@CL,$40.62 ,$0.00 ,1,($510.38),-1.21%,$80.00 ,13.79%,,$0.19 ,$10.00 
,Sell,11/8/16 16:00,Exit Long,@CL,$40.13 ,,($490.00),"$35,990.48 ",,($500.00),1.72%,-84.48%,$0.19 ,$10.00 
105,Buy,11/17/16 7:00, Buy ,@CL,$41.17 ,$0.00 ,1,$29.62 ,0.12%,$730.00 ,80.22%,,$0.19 ,$10.00 
,Sell,11/17/16 12:00,Exit Long,@CL,$41.22 ,,$50.00 ,"$36,020.10 ",,($180.00),25.27%,5.49%,$0.19 ,$10.00 
106,Sell Short,11/23/16 10:00, Sell ,@CL,$42.29 ,$0.00 ,1,($450.38),-1.02%,$110.00 ,20.37%,,$0.19 ,$10.00 
,Buy to Cover,11/23/16 11:00,Stop Loss,@CL,$42.72 ,,($430.00),"$35,569.72 ",,($430.00),0.00%,-79.63%,$0.19 ,$10.00 
107,Sell Short,12/13/16 19:00, Sell ,@CL,$47.23 ,$0.00 ,1,$19.62 ,0.08%,$610.00 ,64.89%,,$0.19 ,$10.00 
,Buy to Cover,12/14/16 12:00,Exit Short,@CL,$47.19 ,,$40.00 ,"$35,589.34 ",,($330.00),39.36%,4.26%,$0.19 ,$10.00 
108,Buy,12/20/16 6:00, Buy ,@CL,$46.95 ,$0.00 ,1,($10.38),0.02%,$530.00 ,79.10%,,$0.19 ,$10.00 
,Sell,12/20/16 13:00,Exit Long,@CL,$46.96 ,,$10.00 ,"$35,578.96 ",,($140.00),22.39%,1.49%,$0.19 ,$10.00 
109,Sell Short,12/30/16 10:00, Sell ,@CL,$47.33 ,$0.00 ,1,($280.38),-0.55%,$210.00 ,44.68%,,$0.19 ,$10.00 
,Buy to Cover,12/30/16 17:00,Stop Loss,@CL,$47.59 ,,($260.00),"$35,298.58 ",,($260.00),0.00%,-55.32%,$0.19 ,$10.00 
110,Buy,1/6/17 6:00, Buy ,@CL,$47.71 ,$0.00 ,1,($340.38),-0.67%,$320.00 ,50.00%,,$0.19 ,$10.00 
,Sell,1/6/17 10:00,Stop Loss,@CL,$47.39 ,,($320.00),"$34,958.20 ",,($320.00),0.00%,-50.00%,$0.19 ,$10.00 
111,Sell Short,1/16/17 8:00, Sell ,@CL,$45.89 ,$0.00 ,1,($360.38),-0.74%,$60.00 ,15.00%,,$0.19 ,$10.00 
,Buy to Cover,1/16/17 13:00,Stop Loss,@CL,$46.23 ,,($340.00),"$34,597.82 ",,($340.00),0.00%,-85.00%,$0.19 ,$10.00 
112,Sell Short,1/19/17 14:00, Sell ,@CL,$44.93 ,$0.00 ,1,($440.38),-0.93%,$130.00 ,20.31%,,$0.19 ,$10.00 
,Buy to Cover,1/20/17 5:00,Exit Short,@CL,$45.35 ,,($420.00),"$34,157.44 ",,($510.00),14.06%,-65.63%,$0.19 ,$10.00 
113,Buy,1/24/17 10:00, Buy ,@CL,$46.10 ,$0.00 ,1,($50.38),-0.07%,$390.00 ,68.42%,,$0.19 ,$10.00 
,Sell,1/24/17 16:00,Exit Long,@CL,$46.07 ,,($30.00),"$34,107.06 ",,($180.00),26.32%,-5.26%,$0.19 ,$10.00 
114,Sell Short,1/30/17 11:00, Sell ,@CL,$45.70 ,$0.00 ,1,$99.62 ,0.26%,$530.00 ,82.81%,,$0.19 ,$10.00 
,Buy to Cover,1/31/17 9:00,Exit Short,@CL,$45.58 ,,$120.00 ,"$34,206.68 ",,($110.00),35.94%,18.75%,$0.19 ,$10.00 
115,Buy,2/16/17 14:00, Buy ,@CL,$46.37 ,$0.00 ,1,($510.38),-1.06%,$80.00 ,14.04%,,$0.19 ,$10.00 
,Sell,2/17/17 6:00,Stop Loss,@CL,$45.88 ,,($490.00),"$33,696.30 ",,($490.00),0.00%,-85.96%,$0.19 ,$10.00 
116,Sell Short,3/14/17 9:00, Sell ,@CL,$40.65 ,$0.00 ,1,$149.62 ,0.42%,"$1,020.00 ",99.03%,,$0.19 ,$10.00 
,Buy to Cover,3/14/17 17:00,Exit Short,@CL,$40.48 ,,$170.00 ,"$33,845.92 ",,($10.00),17.48%,16.50%,$0.19 ,$10.00 
117,Sell Short,3/21/17 12:00, Sell ,@CL,$40.80 ,$0.00 ,1,$939.62 ,2.35%,"$1,740.00 ",99.43%,,$0.19 ,$10.00 
,Buy to Cover,3/22/17 13:00,Exit Short,@CL,$39.84 ,,$960.00 ,"$34,785.54 ",,($10.00),55.43%,54.86%,$0.19 ,$10.00 
118,Buy,4/11/17 14:00, Buy ,@CL,$45.27 ,$0.00 ,1,$249.62 ,0.60%,$540.00 ,83.08%,,$0.19 ,$10.00 
,Sell,4/12/17 11:00,Exit Long,@CL,$45.54 ,,$270.00 ,"$35,035.16 ",,($110.00),58.46%,41.54%,$0.19 ,$10.00 
119,Sell Short,4/16/17 19:00, Sell ,@CL,$45.02 ,$0.00 ,1,($190.38),-0.38%,$340.00 ,60.71%,,$0.19 ,$10.00 
,Buy to Cover,4/17/17 10:00,Exit Short,@CL,$45.19 ,,($170.00),"$34,844.78 ",,($220.00),8.93%,-30.36%,$0.19 ,$10.00 
120,Sell Short,4/19/17 12:00, Sell ,@CL,$44.20 ,$0.00 ,1,"$1,409.62 ",3.24%,"$2,100.00 ",95.02%,,$0.19 ,$10.00 
,Buy to Cover,4/19/17 22:00,Exit Short,@CL,$42.77 ,,"$1,430.00 ","$36,254.40 ",,($110.00),69.68%,64.71%,$0.19 ,$10.00 
121,Sell Short,4/21/17 11:00, Sell ,@CL,$42.11 ,$0.00 ,1,$699.62 ,1.71%,"$1,320.00 ",100.00%,,$0.19 ,$10.00 
,Buy to Cover,4/23/17 20:00,Exit Short,@CL,$41.39 ,,$720.00 ,"$36,954.02 ",,$0.00 ,54.55%,54.55%,$0.19 ,$10.00 
122,Sell Short,4/26/17 10:00, Sell ,@CL,$40.71 ,$0.00 ,1,($290.38),-0.66%,$180.00 ,40.00%,,$0.19 ,$10.00 
,Buy to Cover,4/26/17 11:00,Stop Loss,@CL,$40.98 ,,($270.00),"$36,663.64 ",,($270.00),0.00%,-60.00%,$0.19 ,$10.00 
123,Sell Short,4/27/17 6:00, Sell ,@CL,$40.65 ,$0.00 ,1,($190.38),-0.42%,$20.00 ,10.53%,,$0.19 ,$10.00 
,Buy to Cover,4/27/17 6:00,Stop Loss,@CL,$40.82 ,,($170.00),"$36,473.26 ",,($170.00),0.00%,-89.47%,$0.19 ,$10.00 
124,Sell Short,5/1/17 10:00, Sell ,@CL,$40.49 ,$0.00 ,1,($130.38),-0.27%,$360.00 ,60.00%,,$0.19 ,$10.00 
,Buy to Cover,5/2/17 6:00,Exit Short,@CL,$40.60 ,,($110.00),"$36,342.88 ",,($240.00),21.67%,-18.33%,$0.19 ,$10.00 
125,Sell Short,5/3/17 19:00, Sell ,@CL,$39.19 ,$0.00 ,1,"$2,899.62 ",7.45%,"$3,840.00 ",96.24%,,$0.19 ,$10.00 
,Buy to Cover,5/5/17 4:00,Exit Short,@CL,$36.27 ,,"$2,920.00 ","$39,242.50 ",,($150.00),76.94%,73.18%,$0.19 ,$10.00 
126,Sell Short,5/9/17 11:00, Sell ,@CL,$37.64 ,$0.00 ,1,($390.38),-0.98%,$90.00 ,19.57%,,$0.19 ,$10.00 
,Buy to Cover,5/9/17 11:00,Stop Loss,@CL,$38.01 ,,($370.00),"$38,852.12 ",,($370.00),0.00%,-80.43%,$0.19 ,$10.00 
127,Buy,5/12/17 10:00, Buy ,@CL,$39.62 ,$0.00 ,1,($290.38),-0.68%,$20.00 ,6.90%,,$0.19 ,$10.00 
,Sell,5/12/17 10:00,Stop Loss,@CL,$39.35 ,,($270.00),"$38,561.74 ",,($270.00),0.00%,-93.10%,$0.19 ,$10.00 
128,Buy,5/12/17 16:00, Buy ,@CL,$39.44 ,$0.00 ,1,"$1,309.62 ",3.37%,"$1,810.00 ",94.76%,,$0.19 ,$10.00 
,Sell,5/15/17 12:00,Exit Long,@CL,$40.77 ,,"$1,330.00 ","$39,871.36 ",,($100.00),74.87%,69.63%,$0.19 ,$10.00 
129,Buy,5/18/17 12:00, Buy ,@CL,$40.80 ,$0.00 ,1,"$1,339.62 ",3.33%,"$1,880.00 ",96.41%,,$0.19 ,$10.00 
,Sell,5/23/17 1:00,Exit Long,@CL,$42.16 ,,"$1,360.00 ","$41,210.98 ",,($70.00),73.33%,69.74%,$0.19 ,$10.00 
130,Buy,6/13/17 13:00, Buy ,@CL,$37.58 ,$0.00 ,1,($440.38),-1.12%,$240.00 ,36.36%,,$0.19 ,$10.00 
,Sell,6/13/17 17:00,Stop Loss,@CL,$37.16 ,,($420.00),"$40,770.60 ",,($420.00),0.00%,-63.64%,$0.19 ,$10.00 
131,Buy,6/19/17 7:00, Buy ,@CL,$36.15 ,$0.00 ,1,($260.38),-0.66%,$160.00 ,40.00%,,$0.19 ,$10.00 
,Sell,6/19/17 12:00,Stop Loss,@CL,$35.91 ,,($240.00),"$40,510.22 ",,($240.00),0.00%,-60.00%,$0.19 ,$10.00 
132,Sell Short,6/19/17 14:00, Sell ,@CL,$35.64 ,$0.00 ,1,$19.62 ,0.11%,$350.00 ,71.43%,,$0.19 ,$10.00 
,Buy to Cover,6/20/17 4:00,Exit Short,@CL,$35.60 ,,$40.00 ,"$40,529.84 ",,($140.00),36.73%,8.16%,$0.19 ,$10.00 
133,Buy,6/23/17 12:00, Buy ,@CL,$34.16 ,$0.00 ,1,($320.38),-0.88%,$70.00 ,18.92%,,$0.19 ,$10.00 
,Sell,6/23/17 14:00,Stop Loss,@CL,$33.86 ,,($300.00),"$40,209.46 ",,($300.00),0.00%,-81.08%,$0.19 ,$10.00 
134,Buy,6/25/17 19:00, Buy ,@CL,$34.19 ,$0.00 ,1,($60.38),-0.12%,$490.00 ,90.74%,,$0.19 ,$10.00 
,Sell,6/26/17 8:00,Exit Long,@CL,$34.15 ,,($40.00),"$40,149.08 ",,($50.00),1.85%,-7.41%,$0.19 ,$10.00 
135,Sell Short,7/6/17 15:00, Sell ,@CL,$36.37 ,$0.00 ,1,$599.62 ,1.70%,"$1,290.00 ",85.43%,,$0.19 ,$10.00 
,Buy to Cover,7/7/17 10:00,Exit Short,@CL,$35.75 ,,$620.00 ,"$40,748.70 ",,($220.00),55.63%,41.06%,$0.19 ,$10.00 
136,Buy,7/13/17 12:00, Buy ,@CL,$36.93 ,$0.00 ,1,$189.62 ,0.57%,$820.00 ,89.13%,,$0.19 ,$10.00 
,Sell,7/14/17 10:00,Exit Long,@CL,$37.14 ,,$210.00 ,"$40,938.32 ",,($100.00),33.70%,22.83%,$0.19 ,$10.00 
137,Sell Short,8/8/17 11:00, Sell ,@CL,$39.91 ,$0.00 ,1,($500.38),-1.20%,$230.00 ,32.39%,,$0.19 ,$10.00 
,Buy to Cover,8/8/17 12:00,Stop Loss,@CL,$40.39 ,,($480.00),"$40,437.94 ",,($480.00),0.00%,-67.61%,$0.19 ,$10.00 
138,Buy,9/7/17 13:00, Buy ,@CL,$39.83 ,$0.00 ,1,($440.38),-1.05%,$100.00 ,19.23%,,$0.19 ,$10.00 
,Sell,9/8/17 5:00,Stop Loss,@CL,$39.41 ,,($420.00),"$39,997.56 ",,($420.00),0.00%,-80.77%,$0.19 ,$10.00 
139,Buy,9/12/17 19:00, Buy ,@CL,$39.01 ,$0.00 ,1,($210.38),-0.49%,$20.00 ,9.52%,,$0.19 ,$10.00 
,Sell,9/13/17 4:00,Stop Loss,@CL,$38.82 ,,($190.00),"$39,787.18 ",,($190.00),0.00%,-90.48%,$0.19 ,$10.00 
140,Buy,9/13/17 6:00, Buy ,@CL,$39.21 ,$0.00 ,1,"$1,389.62 ",3.60%,"$1,960.00 ",98.00%,,$0.19 ,$10.00 
,Sell,9/14/17 14:00,Exit Long,@CL,$40.62 ,,"$1,410.00 ","$41,176.80 ",,($40.00),72.50%,70.50%,$0.19 ,$10.00 
141,Buy,9/18/17 15:00, Buy ,@CL,$40.57 ,$0.00 ,1,($140.38),-0.30%,$370.00 ,57.81%,,$0.19 ,$10.00 
,Sell,9/19/17 11:00,Exit Long,@CL,$40.45 ,,($120.00),"$41,036.42 ",,($270.00),23.44%,-18.75%,$0.19 ,$10.00 
142,Sell Short,9/19/17 12:00, Sell ,@CL,$40.30 ,$0.00 ,1,($110.38),-0.22%,$450.00 ,69.23%,,$0.19 ,$10.00 
,Buy to Cover,9/19/17 19:00,Exit Short,@CL,$40.39 ,,($90.00),"$40,926.04 ",,($200.00),16.92%,-13.85%,$0.19 ,$10.00 
143,Sell Short,10/2/17 7:00, Sell ,@CL,$41.44 ,$0.00 ,1,$759.62 ,1.88%,"$1,250.00 ",98.43%,,$0.19 ,$10.00 
,Buy to Cover,10/2/17 14:00,Exit Short,@CL,$40.66 ,,$780.00 ,"$41,685.66 ",,($20.00),62.99%,61.42%,$0.19 ,$10.00 
144,Buy,10/24/17 7:00, Buy ,@CL,$42.04 ,$0.00 ,1,($150.38),-0.31%,$300.00 ,60.00%,,$0.19 ,$10.00 
,Sell,10/24/17 12:00,Exit Long,@CL,$41.91 ,,($130.00),"$41,535.28 ",,($200.00),14.00%,-26.00%,$0.19 ,$10.00 
145,Sell Short,11/13/17 13:00, Sell ,@CL,$46.55 ,$0.00 ,1,$869.62 ,1.91%,"$1,480.00 ",84.09%,,$0.19 ,$10.00 
,Buy to Cover,11/14/17 16:00,Exit Short,@CL,$45.66 ,,$890.00 ,"$42,404.90 ",,($280.00),66.48%,50.57%,$0.19 ,$10.00 
146,Sell Short,11/16/17 9:00, Sell ,@CL,$45.02 ,$0.00 ,1,($240.38),-0.49%,$170.00 ,43.59%,,$0.19 ,$10.00 
,Buy to Cover,11/16/17 11:00,Stop Loss,@CL,$45.24 ,,($220.00),"$42,164.52 ",,($220.00),0.00%,-56.41%,$0.19 ,$10.00 
147,Sell Short,11/29/17 7:00, Sell ,@CL,$47.18 ,$0.00 ,1,($180.38),-0.34%,$20.00 ,11.11%,,$0.19 ,$10.00 
,Buy to Cover,11/29/17 7:00,Stop Loss,@CL,$47.34 ,,($160.00),"$41,984.14 ",,($160.00),0.00%,-88.89%,$0.19 ,$10.00 
148,Sell Short,12/6/17 6:00, Sell ,@CL,$46.95 ,$0.00 ,1,$999.62 ,2.17%,"$1,430.00 ",98.62%,,$0.19 ,$10.00 
,Buy to Cover,12/7/17 7:00,Exit Short,@CL,$45.93 ,,"$1,020.00 ","$42,983.76 ",,($20.00),71.72%,70.34%,$0.19 ,$10.00 
149,Buy,12/20/17 13:00, Buy ,@CL,$47.56 ,$0.00 ,1,$39.62 ,0.13%,$290.00 ,87.88%,,$0.19 ,$10.00 
,Sell,12/21/17 6:00,Exit Long,@CL,$47.62 ,,$60.00 ,"$43,023.38 ",,($40.00),30.30%,18.18%,$0.19 ,$10.00 
150,Buy,12/21/17 12:00, Buy ,@CL,$47.85 ,$0.00 ,1,($100.38),-0.17%,$190.00 ,61.29%,,$0.19 ,$10.00 
,Sell,12/22/17 5:00,Exit Long,@CL,$47.77 ,,($80.00),"$42,923.00 ",,($120.00),12.90%,-25.81%,$0.19 ,$10.00 
151,Buy,12/28/17 15:00, Buy ,@CL,$49.40 ,$0.00 ,1,$339.62 ,0.73%,$580.00 ,95.08%,,$0.19 ,$10.00 
,Sell,12/29/17 6:00,Exit Long,@CL,$49.76 ,,$360.00 ,"$43,262.62 ",,($30.00),63.93%,59.02%,$0.19 ,$10.00 
152,Sell Short,1/22/18 14:00, Sell ,@CL,$52.90 ,$0.00 ,1,($580.38),-1.06%,$80.00 ,12.50%,,$0.19 ,$10.00 
,Buy to Cover,1/22/18 16:00,Stop Loss,@CL,$53.46 ,,($560.00),"$42,682.24 ",,($560.00),0.00%,-87.50%,$0.19 ,$10.00 
153,Buy,3/15/18 9:00, Buy ,@CL,$51.19 ,$0.00 ,1,($320.38),-0.59%,$230.00 ,43.40%,,$0.19 ,$10.00 
,Sell,3/15/18 11:00,Stop Loss,@CL,$50.89 ,,($300.00),"$42,361.86 ",,($300.00),0.00%,-56.60%,$0.19 ,$10.00 
154,Buy,3/16/18 7:00, Buy ,@CL,$51.25 ,$0.00 ,1,($190.38),-0.33%,$60.00 ,26.09%,,$0.19 ,$10.00 
,Sell,3/16/18 10:00,Stop Loss,@CL,$51.08 ,,($170.00),"$42,171.48 ",,($170.00),0.00%,-73.91%,$0.19 ,$10.00 
155,Sell Short,3/29/18 8:00, Sell ,@CL,$54.17 ,$0.00 ,1,($300.38),-0.52%,$190.00 ,40.43%,,$0.19 ,$10.00 
,Buy to Cover,3/29/18 11:00,Stop Loss,@CL,$54.45 ,,($280.00),"$41,871.10 ",,($280.00),0.00%,-59.57%,$0.19 ,$10.00 
156,Sell Short,4/6/18 9:00, Sell ,@CL,$52.81 ,$0.00 ,1,($330.38),-0.59%,$60.00 ,16.22%,,$0.19 ,$10.00 
,Buy to Cover,4/6/18 9:00,Stop Loss,@CL,$53.12 ,,($310.00),"$41,540.72 ",,($310.00),0.00%,-83.78%,$0.19 ,$10.00 
157,Sell Short,4/23/18 6:00, Sell ,@CL,$57.79 ,$0.00 ,1,($250.38),-0.40%,$120.00 ,34.29%,,$0.19 ,$10.00 
,Buy to Cover,4/23/18 8:00,Stop Loss,@CL,$58.02 ,,($230.00),"$41,290.34 ",,($230.00),0.00%,-65.71%,$0.19 ,$10.00 
158,Buy,5/3/18 14:00, Buy ,@CL,$57.96 ,$0.00 ,1,"$1,669.62 ",2.92%,"$2,710.00 ",97.48%,,$0.19 ,$10.00 
,Sell,5/7/18 16:00,Exit Long,@CL,$59.65 ,,"$1,690.00 ","$42,959.96 ",,($70.00),63.31%,60.79%,$0.19 ,$10.00 
159,Buy,6/8/18 15:00, Buy ,@CL,$55.57 ,$0.00 ,1,($510.38),-0.88%,$80.00 ,14.04%,,$0.19 ,$10.00 
,Sell,6/10/18 19:00,Stop Loss,@CL,$55.08 ,,($490.00),"$42,449.58 ",,($490.00),0.00%,-85.96%,$0.19 ,$10.00 
160,Sell Short,6/11/18 7:00, Sell ,@CL,$54.98 ,$0.00 ,1,($410.38),-0.71%,$380.00 ,49.35%,,$0.19 ,$10.00 
,Buy to Cover,6/11/18 11:00,Stop Loss,@CL,$55.37 ,,($390.00),"$42,039.20 ",,($390.00),0.00%,-50.65%,$0.19 ,$10.00 
161,Buy,6/13/18 12:00, Buy ,@CL,$56.28 ,$0.00 ,1,($80.38),-0.11%,$630.00 ,78.75%,,$0.19 ,$10.00 
,Sell,6/14/18 12:00,Exit Long,@CL,$56.22 ,,($60.00),"$41,958.82 ",,($170.00),13.75%,-7.50%,$0.19 ,$10.00 
162,Buy,6/14/18 16:00, Buy ,@CL,$56.68 ,$0.00 ,1,($310.38),-0.51%,$160.00 ,35.56%,,$0.19 ,$10.00 
,Sell,6/15/18 5:00,Stop Loss,@CL,$56.39 ,,($290.00),"$41,648.44 ",,($290.00),0.00%,-64.44%,$0.19 ,$10.00 
163,Buy,6/20/18 10:00, Buy ,@CL,$55.59 ,$0.00 ,1,($560.38),-0.97%,$720.00 ,57.14%,,$0.19 ,$10.00 
,Sell,6/20/18 13:00,Stop Loss,@CL,$55.05 ,,($540.00),"$41,088.06 ",,($540.00),0.00%,-42.86%,$0.19 ,$10.00 
164,Buy,6/21/18 12:00, Buy ,@CL,$55.69 ,$0.00 ,1,"$2,899.62 ",5.24%,"$3,650.00 ",91.02%,,$0.19 ,$10.00 
,Sell,6/24/18 20:00,Exit Long,@CL,$58.61 ,,"$2,920.00 ","$43,987.68 ",,($360.00),81.80%,72.82%,$0.19 ,$10.00 
165,Buy,7/9/18 16:00, Buy ,@CL,$63.99 ,$0.00 ,1,($20.38),0.00%,$670.00 ,75.28%,,$0.19 ,$10.00 
,Sell,7/10/18 12:00,Exit Long,@CL,$63.99 ,,$0.00 ,"$43,967.30 ",,($220.00),24.72%,0.00%,$0.19 ,$10.00 
166,Sell Short,7/16/18 7:00, Sell ,@CL,$60.05 ,$0.00 ,1,"$1,739.62 ",2.93%,"$2,510.00 ",99.60%,,$0.19 ,$10.00 
,Buy to Cover,7/16/18 16:00,Exit Short,@CL,$58.29 ,,"$1,760.00 ","$45,706.92 ",,($10.00),70.24%,69.84%,$0.19 ,$10.00 
167,Buy,7/26/18 12:00, Buy ,@CL,$60.50 ,$0.00 ,1,($260.38),-0.40%,$300.00 ,46.15%,,$0.19 ,$10.00 
,Sell,7/27/18 6:00,Exit Long,@CL,$60.26 ,,($240.00),"$45,446.54 ",,($350.00),16.92%,-36.92%,$0.19 ,$10.00 
168,Buy,7/27/18 11:00, Buy ,@CL,$60.57 ,$0.00 ,1,($320.38),-0.50%,$70.00 ,18.92%,,$0.19 ,$10.00 
,Sell,7/27/18 11:00,Stop Loss,@CL,$60.27 ,,($300.00),"$45,126.16 ",,($300.00),0.00%,-81.08%,$0.19 ,$10.00 
169,Buy,8/21/18 9:00, Buy ,@CL,$57.12 ,$0.00 ,1,$159.62 ,0.32%,$830.00 ,94.32%,,$0.19 ,$10.00 
,Sell,8/21/18 15:00,Exit Long,@CL,$57.30 ,,$180.00 ,"$45,285.78 ",,($50.00),26.14%,20.45%,$0.19 ,$10.00 
170,Sell Short,9/17/18 14:00, Sell ,@CL,$60.04 ,$0.00 ,1,($630.38),-1.02%,$60.00 ,8.96%,,$0.19 ,$10.00 
,Buy to Cover,9/18/18 6:00,Stop Loss,@CL,$60.65 ,,($610.00),"$44,655.40 ",,($610.00),0.00%,-91.04%,$0.19 ,$10.00 
171,Buy,9/19/18 11:00, Buy ,@CL,$61.55 ,$0.00 ,1,$649.62 ,1.09%,"$1,490.00 ",98.68%,,$0.19 ,$10.00 
,Sell,9/20/18 9:00,Exit Long,@CL,$62.22 ,,$670.00 ,"$45,305.02 ",,($20.00),45.70%,44.37%,$0.19 ,$10.00 
172,Sell Short,9/21/18 13:00, Sell ,@CL,$62.12 ,$0.00 ,1,($740.38),-1.16%,$10.00 ,1.37%,,$0.19 ,$10.00 
,Buy to Cover,9/21/18 13:00,Stop Loss,@CL,$62.84 ,,($720.00),"$44,564.64 ",,($720.00),0.00%,-98.63%,$0.19 ,$10.00 
173,Buy,10/10/18 7:00, Buy ,@CL,$66.71 ,$0.00 ,1,($340.38),-0.48%,$50.00 ,13.51%,,$0.19 ,$10.00 
,Sell,10/10/18 9:00,Stop Loss,@CL,$66.39 ,,($320.00),"$44,224.26 ",,($320.00),0.00%,-86.49%,$0.19 ,$10.00 
174,Buy,10/22/18 16:00, Buy ,@CL,$61.29 ,$0.00 ,1,($460.38),-0.72%,$110.00 ,20.00%,,$0.19 ,$10.00 
,Sell,10/23/18 3:00,Stop Loss,@CL,$60.85 ,,($440.00),"$43,763.88 ",,($440.00),0.00%,-80.00%,$0.19 ,$10.00 
175,Sell Short,10/30/18 7:00, Sell ,@CL,$58.48 ,$0.00 ,1,$569.62 ,1.01%,"$1,410.00 ",98.60%,,$0.19 ,$10.00 
,Buy to Cover,10/30/18 12:00,Exit Short,@CL,$57.89 ,,$590.00 ,"$44,333.50 ",,($20.00),42.66%,41.26%,$0.19 ,$10.00 
176,Sell Short,11/22/18 13:00, Sell ,@CL,$45.44 ,$0.00 ,1,"$2,519.62 ",5.59%,"$3,790.00 ",94.28%,,$0.19 ,$10.00 
,Buy to Cover,11/26/18 6:00,Exit Short,@CL,$42.90 ,,"$2,540.00 ","$46,853.12 ",,($230.00),68.91%,63.18%,$0.19 ,$10.00 
177,Sell Short,11/27/18 14:00, Sell ,@CL,$42.30 ,$0.00 ,1,($950.38),-2.20%,$10.00 ,1.04%,,$0.19 ,$10.00 
,Buy to Cover,11/27/18 16:00,Exit Short,@CL,$43.23 ,,($930.00),"$45,902.74 ",,($950.00),2.08%,-96.87%,$0.19 ,$10.00 
178,Buy,11/27/18 19:00, Buy ,@CL,$43.64 ,$0.00 ,1,($550.38),-1.21%,$470.00 ,47.00%,,$0.19 ,$10.00 
,Sell,11/28/18 6:00,Stop Loss,@CL,$43.11 ,,($530.00),"$45,352.36 ",,($530.00),0.00%,-53.00%,$0.19 ,$10.00 
179,Sell Short,12/28/18 12:00, Sell ,@CL,$35.96 ,$0.00 ,1,($840.38),-2.28%,$260.00 ,24.07%,,$0.19 ,$10.00 
,Buy to Cover,12/28/18 12:00,Stop Loss,@CL,$36.78 ,,($820.00),"$44,511.98 ",,($820.00),0.00%,-75.93%,$0.19 ,$10.00 
180,Buy,1/3/19 16:00, Buy ,@CL,$38.26 ,$0.00 ,1,"$1,239.62 ",3.29%,"$2,240.00 ",87.16%,,$0.19 ,$10.00 
,Sell,1/4/19 13:00,Exit Long,@CL,$39.52 ,,"$1,260.00 ","$45,751.60 ",,($330.00),61.87%,49.03%,$0.19 ,$10.00 
181,Buy,1/8/19 7:00, Buy ,@CL,$40.55 ,$0.00 ,1,"$2,479.62 ",6.17%,"$3,310.00 ",90.93%,,$0.19 ,$10.00 
,Sell,1/10/19 2:00,Exit Long,@CL,$43.05 ,,"$2,500.00 ","$48,231.22 ",,($330.00),77.75%,68.68%,$0.19 ,$10.00 
182,Buy,1/16/19 16:00, Buy ,@CL,$43.55 ,$0.00 ,1,($570.38),-1.26%,$180.00 ,24.66%,,$0.19 ,$10.00 
,Sell,1/17/19 5:00,Stop Loss,@CL,$43.00 ,,($550.00),"$47,660.84 ",,($550.00),0.00%,-75.34%,$0.19 ,$10.00 
183,Buy,1/17/19 16:00, Buy ,@CL,$43.66 ,$0.00 ,1,"$1,199.62 ",2.79%,"$1,790.00 ",86.06%,,$0.19 ,$10.00 
,Sell,1/21/19 6:00,Exit Long,@CL,$44.88 ,,"$1,220.00 ","$48,860.46 ",,($290.00),72.60%,58.65%,$0.19 ,$10.00 
184,Buy,2/13/19 11:00, Buy ,@CL,$45.01 ,$0.00 ,1,$99.62 ,0.27%,$710.00 ,79.78%,,$0.19 ,$10.00 
,Sell,2/14/19 10:00,Exit Long,@CL,$45.13 ,,$120.00 ,"$48,960.08 ",,($180.00),33.71%,13.48%,$0.19 ,$10.00 
185,Buy,2/15/19 9:00, Buy ,@CL,$45.98 ,$0.00 ,1,$779.62 ,1.74%,"$1,400.00 ",88.61%,,$0.19 ,$10.00 
,Sell,2/18/19 22:00,Exit Long,@CL,$46.78 ,,$800.00 ,"$49,739.70 ",,($180.00),62.03%,50.63%,$0.19 ,$10.00 
186,Buy,2/20/19 12:00, Buy ,@CL,$47.32 ,$0.00 ,1,$319.62 ,0.72%,$940.00 ,100.00%,,$0.19 ,$10.00 
,Sell,2/21/19 10:00,Exit Long,@CL,$47.66 ,,$340.00 ,"$50,059.32 ",,$0.00 ,36.17%,36.17%,$0.19 ,$10.00 
187,Buy,3/5/19 8:00, Buy ,@CL,$47.46 ,$0.00 ,1,($380.38),-0.76%,$380.00 ,51.35%,,$0.19 ,$10.00 
,Sell,3/5/19 11:00,Stop Loss,@CL,$47.10 ,,($360.00),"$49,678.94 ",,($360.00),0.00%,-48.65%,$0.19 ,$10.00 
188,Buy,3/18/19 9:00, Buy ,@CL,$49.26 ,$0.00 ,1,$579.62 ,1.22%,$950.00 ,86.36%,,$0.19 ,$10.00 
,Sell,3/19/19 11:00,Exit Long,@CL,$49.86 ,,$600.00 ,"$50,258.56 ",,($150.00),68.18%,54.55%,$0.19 ,$10.00 
189,Sell Short,4/4/19 16:00, Sell ,@CL,$52.52 ,$0.00 ,1,($460.38),-0.84%,$350.00 ,44.30%,,$0.19 ,$10.00 
,Buy to Cover,4/5/19 10:00,Stop Loss,@CL,$52.96 ,,($440.00),"$49,798.18 ",,($440.00),0.00%,-55.70%,$0.19 ,$10.00 
190,Buy,4/10/19 14:00, Buy ,@CL,$54.97 ,$0.00 ,1,($400.38),-0.69%,$50.00 ,11.63%,,$0.19 ,$10.00 
,Sell,4/11/19 0:00,Stop Loss,@CL,$54.59 ,,($380.00),"$49,397.80 ",,($380.00),0.00%,-88.37%,$0.19 ,$10.00 
191,Sell Short,4/16/19 11:00, Sell ,@CL,$53.52 ,$0.00 ,1,($420.38),-0.75%,$20.00 ,4.76%,,$0.19 ,$10.00 
,Buy to Cover,4/16/19 11:00,Stop Loss,@CL,$53.92 ,,($400.00),"$48,977.42 ",,($400.00),0.00%,-95.24%,$0.19 ,$10.00 
192,Buy,4/23/19 11:00, Buy ,@CL,$56.40 ,$0.00 ,1,($150.38),-0.23%,$440.00 ,70.97%,,$0.19 ,$10.00 
,Sell,4/23/19 21:00,Exit Long,@CL,$56.27 ,,($130.00),"$48,827.04 ",,($180.00),8.06%,-20.97%,$0.19 ,$10.00 
193,Buy,4/24/19 9:00, Buy ,@CL,$56.44 ,$0.00 ,1,($310.38),-0.51%,$230.00 ,44.23%,,$0.19 ,$10.00 
,Sell,4/24/19 11:00,Stop Loss,@CL,$56.15 ,,($290.00),"$48,516.66 ",,($290.00),0.00%,-55.77%,$0.19 ,$10.00 
194,Buy,5/9/19 8:00, Buy ,@CL,$52.34 ,$0.00 ,1,($420.38),-0.76%,$110.00 ,21.57%,,$0.19 ,$10.00 
,Sell,5/9/19 9:00,Stop Loss,@CL,$51.94 ,,($400.00),"$48,096.28 ",,($400.00),0.00%,-78.43%,$0.19 ,$10.00 
195,Sell Short,5/9/19 12:00, Sell ,@CL,$51.38 ,$0.00 ,1,($580.38),-1.09%,$20.00 ,3.45%,,$0.19 ,$10.00 
,Buy to Cover,5/9/19 13:00,Stop Loss,@CL,$51.94 ,,($560.00),"$47,515.90 ",,($560.00),0.00%,-96.55%,$0.19 ,$10.00 
196,Buy,5/15/19 12:00, Buy ,@CL,$52.03 ,$0.00 ,1,"$1,139.62 ",2.23%,"$1,690.00 ",97.69%,,$0.19 ,$10.00 
,Sell,5/16/19 15:00,Exit Long,@CL,$53.19 ,,"$1,160.00 ","$48,655.52 ",,($40.00),69.36%,67.05%,$0.19 ,$10.00 
197,Buy,5/21/19 8:00, Buy ,@CL,$53.80 ,$0.00 ,1,($380.38),-0.67%,$20.00 ,5.26%,,$0.19 ,$10.00 
,Sell,5/21/19 10:00,Stop Loss,@CL,$53.44 ,,($360.00),"$48,275.14 ",,($360.00),0.00%,-94.74%,$0.19 ,$10.00 
198,Sell Short,5/21/19 13:00, Sell ,@CL,$52.89 ,$0.00 ,1,"$4,689.62 ",8.91%,"$5,510.00 ",93.23%,,$0.19 ,$10.00 
,Buy to Cover,5/23/19 17:00,Exit Short,@CL,$48.18 ,,"$4,710.00 ","$52,964.76 ",,($400.00),86.46%,79.70%,$0.19 ,$10.00 
199,Sell Short,6/4/19 19:00, Sell ,@CL,$42.97 ,$0.00 ,1,($470.38),-1.05%,$40.00 ,8.16%,,$0.19 ,$10.00 
,Buy to Cover,6/4/19 22:00,Stop Loss,@CL,$43.42 ,,($450.00),"$52,494.38 ",,($450.00),0.00%,-91.84%,$0.19 ,$10.00 
200,Sell Short,6/5/19 10:00, Sell ,@CL,$42.78 ,$0.00 ,1,$699.62 ,1.68%,"$2,130.00 ",88.38%,,$0.19 ,$10.00 
,Buy to Cover,6/5/19 15:00,Exit Short,@CL,$42.06 ,,$720.00 ,"$53,194.00 ",,($280.00),41.49%,29.88%,$0.19 ,$10.00 
199,Sell Short,6/4/19 19:00, Sell ,@CL,$42.97 ,$0.00 ,1,($470.38),-1.05%,$40.00 ,8.16%,,$0.19 ,$10.00 
,Buy to Cover,6/4/19 22:00,Stop Loss,@CL,$43.42 ,,($450.00),"$52,494.38 ",,($450.00),0.00%,-91.84%,$0.19 ,$10.00 
200,Sell Short,6/5/19 10:00, Sell ,@CL,$42.78 ,$0.00 ,1,$699.62 ,1.68%,"$2,130.00 ",88.38%,,$0.19 ,$10.00 
,Buy to Cover,6/5/19 15:00,Exit Short,@CL,$42.06 ,,$720.00 ,"$53,194.00 ",,($280.00),41.49%,29.88%,$0.19 ,$10.00 
201,Buy,6/19/19 16:00, Buy ,@CL,$44.12 ,$0.00 ,1,"$2,539.62 ",5.80%,"$3,480.00 ",97.75%,,$0.19 ,$10.00 
,Sell,6/21/19 2:00,Exit Long,@CL,$46.68 ,,"$2,560.00 ","$55,733.62 ",,($80.00),74.16%,71.91%,$0.19 ,$10.00 
202,Buy,6/24/19 16:00, Buy ,@CL,$47.77 ,$0.00 ,1,($540.38),-1.09%,$70.00 ,11.86%,,$0.19 ,$10.00 
,Sell,6/24/19 23:00,Stop Loss,@CL,$47.25 ,,($520.00),"$55,193.24 ",,($520.00),0.00%,-88.14%,$0.19 ,$10.00 
203,Buy,6/25/19 11:00, Buy ,@CL,$47.91 ,$0.00 ,1,($450.38),-0.90%,$280.00 ,39.44%,,$0.19 ,$10.00 
,Sell,6/25/19 11:00,Stop Loss,@CL,$47.48 ,,($430.00),"$54,742.86 ",,($430.00),0.00%,-60.56%,$0.19 ,$10.00 
204,Buy,7/23/19 15:00, Buy ,@CL,$46.40 ,$0.00 ,1,($170.38),-0.32%,$910.00 ,66.91%,,$0.19 ,$10.00 
,Sell,7/24/19 13:00,Exit Long,@CL,$46.25 ,,($150.00),"$54,572.48 ",,($450.00),22.06%,-11.03%,$0.19 ,$10.00 
205,Sell Short,7/26/19 12:00, Sell ,@CL,$45.54 ,$0.00 ,1,($440.38),-0.92%,$100.00 ,19.23%,,$0.19 ,$10.00 
,Buy to Cover,7/26/19 12:00,Stop Loss,@CL,$45.96 ,,($420.00),"$54,132.10 ",,($420.00),0.00%,-80.77%,$0.19 ,$10.00 
206,Sell Short,8/6/19 15:00, Sell ,@CL,$43.88 ,$0.00 ,1,"$2,659.62 ",6.11%,"$3,690.00 ",99.19%,,$0.19 ,$10.00 
,Buy to Cover,8/7/19 16:00,Exit Short,@CL,$41.20 ,,"$2,680.00 ","$56,791.72 ",,($30.00),72.85%,72.04%,$0.19 ,$10.00 
207,Buy,8/9/19 8:00, Buy ,@CL,$42.99 ,$0.00 ,1,$369.62 ,0.91%,"$1,600.00 ",81.63%,,$0.19 ,$10.00 
,Sell,8/12/19 6:00,Exit Long,@CL,$43.38 ,,$390.00 ,"$57,161.34 ",,($360.00),38.27%,19.90%,$0.19 ,$10.00 
208,Sell Short,8/15/19 14:00, Sell ,@CL,$43.96 ,$0.00 ,1,($680.38),-1.50%,$270.00 ,27.84%,,$0.19 ,$10.00 
,Buy to Cover,8/15/19 22:00,Exit Short,@CL,$44.62 ,,($660.00),"$56,480.96 ",,($700.00),4.12%,-68.04%,$0.19 ,$10.00 
209,Buy,8/19/19 11:00, Buy ,@CL,$45.39 ,$0.00 ,1,$229.62 ,0.55%,$930.00 ,72.09%,,$0.19 ,$10.00 
,Sell,8/20/19 9:00,Exit Long,@CL,$45.64 ,,$250.00 ,"$56,710.58 ",,($360.00),47.29%,19.38%,$0.19 ,$10.00 
210,Buy,8/20/19 15:00, Buy ,@CL,$46.10 ,$0.00 ,1,$9.62 ,0.07%,$750.00 ,60.98%,,$0.19 ,$10.00 
,Sell,8/21/19 12:00,Exit Long,@CL,$46.13 ,,$30.00 ,"$56,720.20 ",,($480.00),41.46%,2.44%,$0.19 ,$10.00 
211,Sell Short,9/20/19 15:00, Sell ,@CL,$48.35 ,$0.00 ,1,($880.38),-1.78%,$460.00 ,34.85%,,$0.19 ,$10.00 
,Buy to Cover,9/22/19 19:00,Stop Loss,@CL,$49.21 ,,($860.00),"$55,839.82 ",,($860.00),0.00%,-65.15%,$0.19 ,$10.00 
212,Sell Short,10/4/19 14:00, Sell ,@CL,$42.28 ,$0.00 ,1,($710.38),-1.63%,$280.00 ,28.87%,,$0.19 ,$10.00 
,Buy to Cover,10/4/19 17:00,Stop Loss,@CL,$42.97 ,,($690.00),"$55,129.44 ",,($690.00),0.00%,-71.13%,$0.19 ,$10.00 
213,Buy,10/10/19 10:00, Buy ,@CL,$43.04 ,$0.00 ,1,"$1,029.62 ",2.44%,"$1,790.00 ",94.21%,,$0.19 ,$10.00 
,Sell,10/11/19 10:00,Exit Long,@CL,$44.09 ,,"$1,050.00 ","$56,159.06 ",,($110.00),61.05%,55.26%,$0.19 ,$10.00 
214,Buy,10/17/19 15:00, Buy ,@CL,$43.49 ,$0.00 ,1,$449.62 ,1.08%,"$1,060.00 ",92.98%,,$0.19 ,$10.00 
,Sell,10/18/19 12:00,Exit Long,@CL,$43.96 ,,$470.00 ,"$56,608.68 ",,($80.00),48.25%,41.23%,$0.19 ,$10.00 
215,Buy,10/25/19 13:00, Buy ,@CL,$46.21 ,$0.00 ,1,$19.62 ,0.09%,$500.00 ,72.46%,,$0.19 ,$10.00 
,Sell,10/28/19 6:00,Exit Long,@CL,$46.25 ,,$40.00 ,"$56,628.30 ",,($190.00),33.33%,5.80%,$0.19 ,$10.00 
216,Sell Short,10/30/19 12:00, Sell ,@CL,$44.86 ,$0.00 ,1,($20.38),0.00%,$580.00 ,75.32%,,$0.19 ,$10.00 
,Buy to Cover,10/30/19 22:00,Exit Short,@CL,$44.86 ,,$0.00 ,"$56,607.92 ",,($190.00),24.68%,0.00%,$0.19 ,$10.00 
217,Sell Short,11/25/19 11:00, Sell ,@CL,$47.17 ,$0.00 ,1,($480.38),-0.98%,$130.00 ,22.03%,,$0.19 ,$10.00 
,Buy to Cover,11/25/19 11:00,Stop Loss,@CL,$47.63 ,,($460.00),"$56,127.54 ",,($460.00),0.00%,-77.97%,$0.19 ,$10.00 
218,Buy,11/26/19 6:00, Buy ,@CL,$47.95 ,$0.00 ,1,($310.38),-0.60%,$110.00 ,27.50%,,$0.19 ,$10.00 
,Sell,11/26/19 7:00,Stop Loss,@CL,$47.66 ,,($290.00),"$55,817.16 ",,($290.00),0.00%,-72.50%,$0.19 ,$10.00 
219,Buy,12/9/19 11:00, Buy ,@CL,$48.64 ,$0.00 ,1,($160.38),-0.29%,$520.00 ,61.18%,,$0.19 ,$10.00 
,Sell,12/10/19 8:00,Exit Long,@CL,$48.50 ,,($140.00),"$55,656.78 ",,($330.00),22.35%,-16.47%,$0.19 ,$10.00 
220,Buy,12/10/19 12:00, Buy ,@CL,$49.01 ,$0.00 ,1,($290.38),-0.55%,$260.00 ,44.83%,,$0.19 ,$10.00 
,Sell,12/10/19 21:00,Exit Long,@CL,$48.74 ,,($270.00),"$55,366.40 ",,($320.00),8.62%,-46.55%,$0.19 ,$10.00 
221,Buy,12/17/19 8:00, Buy ,@CL,$50.17 ,$0.00 ,1,$119.62 ,0.28%,$620.00 ,87.32%,,$0.19 ,$10.00 
,Sell,12/17/19 19:00,Exit Long,@CL,$50.31 ,,$140.00 ,"$55,486.02 ",,($90.00),32.39%,19.72%,$0.19 ,$10.00 
222,Buy,12/30/19 7:00, Buy ,@CL,$51.71 ,$0.00 ,1,($210.38),-0.37%,$450.00 ,70.31%,,$0.19 ,$10.00 
,Sell,12/30/19 10:00,Stop Loss,@CL,$51.52 ,,($190.00),"$55,275.64 ",,($190.00),0.00%,-29.69%,$0.19 ,$10.00 
223,Sell Short,1/8/20 8:00, Sell ,@CL,$52.41 ,$0.00 ,1,"$2,179.62 ",4.20%,"$3,440.00 ",97.45%,,$0.19 ,$10.00 
,Buy to Cover,1/8/20 17:00,Exit Short,@CL,$50.21 ,,"$2,200.00 ","$57,455.26 ",,($90.00),64.87%,62.32%,$0.19 ,$10.00 
224,Sell Short,1/10/20 10:00, Sell ,@CL,$49.15 ,$0.00 ,1,$939.62 ,1.95%,"$1,610.00 ",88.46%,,$0.19 ,$10.00 
,Buy to Cover,1/14/20 7:00,Exit Short,@CL,$48.19 ,,$960.00 ,"$58,394.88 ",,($210.00),64.29%,52.75%,$0.19 ,$10.00 
225,Sell Short,1/16/20 8:00, Sell ,@CL,$47.65 ,$0.00 ,1,($260.38),-0.50%,$270.00 ,47.37%,,$0.19 ,$10.00 
,Buy to Cover,1/16/20 10:00,Exit Short,@CL,$47.89 ,,($240.00),"$58,134.50 ",,($300.00),10.53%,-42.11%,$0.19 ,$10.00 
226,Buy,2/17/20 19:00, Buy ,@CL,$41.94 ,$0.00 ,1,($250.38),-0.55%,$50.00 ,17.86%,,$0.19 ,$10.00 
,Sell,2/17/20 19:00,Stop Loss,@CL,$41.71 ,,($230.00),"$57,884.12 ",,($230.00),0.00%,-82.14%,$0.19 ,$10.00 
227,Sell Short,3/5/20 6:00, Sell ,@CL,$36.19 ,$0.00 ,1,($390.38),-1.02%,$330.00 ,47.14%,,$0.19 ,$10.00 
,Buy to Cover,3/5/20 7:00,Stop Loss,@CL,$36.56 ,,($370.00),"$57,493.74 ",,($370.00),0.00%,-52.86%,$0.19 ,$10.00 
228,Sell Short,3/5/20 10:00, Sell ,@CL,$35.98 ,$0.00 ,1,"$16,369.62 ",45.55%,"$19,100.00 ",96.71%,,$0.19 ,$10.00 
,Buy to Cover,3/9/20 4:00,Exit Short,@CL,$19.59 ,,"$16,390.00 ","$73,863.36 ",,($650.00),86.28%,82.99%,$0.19 ,$10.00 
229,Sell Short,4/16/20 14:00, Sell ,@CL,$8.82 ,$0.00 ,1,"($1,120.38)",-12.47%,$240.00 ,17.91%,,$0.19 ,$10.00 
,Buy to Cover,4/16/20 19:00,Stop Loss,@CL,$9.92 ,,"($1,100.00)","$72,742.98 ",,"($1,100.00)",0.00%,-82.09%,$0.19 ,$10.00 
230,Buy,5/4/20 9:00, Buy ,@CL,$2.64 ,$0.00 ,1,"$5,159.62 ",196.21%,"$6,940.00 ",98.86%,,$0.19 ,$10.00 
,Sell,5/5/20 22:00,Exit Long,@CL,$7.82 ,,"$5,180.00 ","$77,902.60 ",,($80.00),74.93%,73.79%,$0.19 ,$10.00 
231,Buy,5/14/20 6:00, Buy ,@CL,$9.60 ,$0.00 ,1,($170.38),-1.56%,$650.00 ,80.25%,,$0.19 ,$10.00 
,Sell,5/14/20 9:00,Exit Long,@CL,$9.45 ,,($150.00),"$77,732.22 ",,($160.00),1.23%,-18.52%,$0.19 ,$10.00 
232,Sell Short,5/27/20 11:00, Sell ,@CL,$16.41 ,$0.00 ,1,($80.38),-0.37%,"$1,050.00 ",75.54%,,$0.19 ,$10.00 
,Buy to Cover,5/27/20 14:00,Exit Short,@CL,$16.47 ,,($60.00),"$77,651.84 ",,($340.00),20.14%,-4.32%,$0.19 ,$10.00 
233,Buy,6/4/20 15:00, Buy ,@CL,$20.50 ,$0.00 ,1,"$2,069.62 ",10.20%,"$2,360.00 ",89.73%,,$0.19 ,$10.00 
,Sell,6/7/20 19:00,Exit Long,@CL,$22.59 ,,"$2,090.00 ","$79,721.46 ",,($270.00),89.73%,79.47%,$0.19 ,$10.00 
234,Buy,6/18/20 12:00, Buy ,@CL,$21.72 ,$0.00 ,1,$929.62 ,4.37%,"$1,810.00 ",90.50%,,$0.19 ,$10.00 
,Sell,6/19/20 13:00,Exit Long,@CL,$22.67 ,,$950.00 ,"$80,651.08 ",,($190.00),57.00%,47.50%,$0.19 ,$10.00 
235,Buy,6/22/20 11:00, Buy ,@CL,$22.82 ,$0.00 ,1,$379.62 ,1.75%,"$1,350.00 ",91.22%,,$0.19 ,$10.00 
,Sell,6/22/20 23:00,Exit Long,@CL,$23.22 ,,$400.00 ,"$81,030.70 ",,($130.00),35.81%,27.03%,$0.19 ,$10.00 
236,Buy,6/30/20 19:00, Buy ,@CL,$22.77 ,$0.00 ,1,$9.62 ,0.13%,$740.00 ,71.15%,,$0.19 ,$10.00 
,Sell,7/1/20 9:00,Exit Long,@CL,$22.80 ,,$30.00 ,"$81,040.32 ",,($300.00),31.73%,2.88%,$0.19 ,$10.00 
237,Buy,7/8/20 14:00, Buy ,@CL,$23.92 ,$0.00 ,1,($480.38),-1.92%,$70.00 ,13.21%,,$0.19 ,$10.00 
,Sell,7/9/20 10:00,Stop Loss,@CL,$23.46 ,,($460.00),"$80,559.94 ",,($460.00),0.00%,-86.79%,$0.19 ,$10.00 
238,Sell Short,7/27/20 11:00, Sell ,@CL,$23.68 ,$0.00 ,1,($340.38),-1.35%,$430.00 ,51.81%,,$0.19 ,$10.00 
,Buy to Cover,7/27/20 14:00,Exit Short,@CL,$24.00 ,,($320.00),"$80,219.56 ",,($400.00),9.64%,-38.55%,$0.19 ,$10.00 
239,Sell Short,8/17/20 7:00, Sell ,@CL,$24.68 ,$0.00 ,1,($280.38),-1.05%,$110.00 ,29.73%,,$0.19 ,$10.00 
,Buy to Cover,8/17/20 10:00,Stop Loss,@CL,$24.94 ,,($260.00),"$79,939.18 ",,($260.00),0.00%,-70.27%,$0.19 ,$10.00 
240,Sell Short,8/19/20 11:00, Sell ,@CL,$25.12 ,$0.00 ,1,($210.38),-0.76%,$80.00 ,29.63%,,$0.19 ,$10.00 
,Buy to Cover,8/19/20 11:00,Stop Loss,@CL,$25.31 ,,($190.00),"$79,728.80 ",,($190.00),0.00%,-70.37%,$0.19 ,$10.00 
241,Sell Short,8/20/20 7:00, Sell ,@CL,$25.10 ,$0.00 ,1,($200.38),-0.72%,$10.00 ,5.26%,,$0.19 ,$10.00 
,Buy to Cover,8/20/20 9:00,Stop Loss,@CL,$25.28 ,,($180.00),"$79,528.42 ",,($180.00),0.00%,-94.74%,$0.19 ,$10.00 
242,Sell Short,8/21/20 8:00, Sell ,@CL,$24.87 ,$0.00 ,1,$279.62 ,1.21%,$920.00 ,88.46%,,$0.19 ,$10.00 
,Buy to Cover,8/21/20 15:00,Exit Short,@CL,$24.57 ,,$300.00 ,"$79,808.04 ",,($120.00),40.38%,28.85%,$0.19 ,$10.00 
243,Buy,8/25/20 8:00, Buy ,@CL,$25.18 ,$0.00 ,1,$409.62 ,1.71%,$880.00 ,98.88%,,$0.19 ,$10.00 
,Sell,8/26/20 9:00,Exit Long,@CL,$25.61 ,,$430.00 ,"$80,217.66 ",,($10.00),49.44%,48.31%,$0.19 ,$10.00 
244,Sell Short,9/1/20 16:00, Sell ,@CL,$25.25 ,$0.00 ,1,($300.38),-1.11%,$10.00 ,3.45%,,$0.19 ,$10.00 
,Buy to Cover,9/1/20 17:00,Stop Loss,@CL,$25.53 ,,($280.00),"$79,917.28 ",,($280.00),0.00%,-96.55%,$0.19 ,$10.00 
245,Sell Short,9/2/20 7:00, Sell ,@CL,$25.38 ,$0.00 ,1,($220.38),-0.79%,$70.00 ,25.93%,,$0.19 ,$10.00 
,Buy to Cover,9/2/20 9:00,Stop Loss,@CL,$25.58 ,,($200.00),"$79,696.90 ",,($200.00),0.00%,-74.07%,$0.19 ,$10.00 
246,Sell Short,9/11/20 10:00, Sell ,@CL,$19.21 ,$0.00 ,1,($460.38),-2.29%,$50.00 ,10.20%,,$0.19 ,$10.00 
,Buy to Cover,9/11/20 10:00,Stop Loss,@CL,$19.65 ,,($440.00),"$79,236.52 ",,($440.00),0.00%,-89.80%,$0.19 ,$10.00 
247,Sell Short,9/14/20 6:00, Sell ,@CL,$19.57 ,$0.00 ,1,($340.38),-1.64%,$260.00 ,44.83%,,$0.19 ,$10.00 
,Buy to Cover,9/14/20 11:00,Stop Loss,@CL,$19.89 ,,($320.00),"$78,896.14 ",,($320.00),0.00%,-55.17%,$0.19 ,$10.00 
248,Sell Short,9/22/20 14:00, Sell ,@CL,$21.59 ,$0.00 ,1,($680.38),-3.06%,$160.00 ,19.51%,,$0.19 ,$10.00 
,Buy to Cover,9/23/20 5:00,Stop Loss,@CL,$22.25 ,,($660.00),"$78,215.76 ",,($660.00),0.00%,-80.49%,$0.19 ,$10.00 
249,Buy,9/24/20 15:00, Buy ,@CL,$22.49 ,$0.00 ,1,($330.38),-1.38%,$390.00 ,55.71%,,$0.19 ,$10.00 
,Sell,9/25/20 8:00,Exit Long,@CL,$22.18 ,,($310.00),"$77,885.38 ",,($310.00),0.00%,-44.29%,$0.19 ,$10.00 
250,Buy,9/28/20 8:00, Buy ,@CL,$22.70 ,$0.00 ,1,($400.38),-1.67%,$330.00 ,46.48%,,$0.19 ,$10.00 
,Sell,9/28/20 10:00,Stop Loss,@CL,$22.32 ,,($380.00),"$77,485.00 ",,($380.00),0.00%,-53.52%,$0.19 ,$10.00 
251,Buy,10/19/20 11:00, Buy ,@CL,$23.25 ,$0.00 ,1,($450.38),-1.85%,$170.00 ,28.33%,,$0.19 ,$10.00 
,Sell,10/19/20 15:00,Stop Loss,@CL,$22.82 ,,($430.00),"$77,034.62 ",,($430.00),0.00%,-71.67%,$0.19 ,$10.00 
252,Buy,10/20/20 8:00, Buy ,@CL,$23.19 ,$0.00 ,1,($410.38),-1.68%,$40.00 ,9.30%,,$0.19 ,$10.00 
,Sell,10/20/20 9:00,Stop Loss,@CL,$22.80 ,,($390.00),"$76,624.24 ",,($390.00),0.00%,-90.70%,$0.19 ,$10.00 
253,Buy,10/20/20 14:00, Buy ,@CL,$23.33 ,$0.00 ,1,($170.38),-0.64%,$530.00 ,65.43%,,$0.19 ,$10.00 
,Sell,10/20/20 19:00,Exit Long,@CL,$23.18 ,,($150.00),"$76,453.86 ",,($280.00),16.05%,-18.52%,$0.19 ,$10.00 
254,Sell Short,10/30/20 11:00, Sell ,@CL,$17.67 ,$0.00 ,1,$769.62 ,4.47%,"$2,070.00 ",93.24%,,$0.19 ,$10.00 
,Buy to Cover,11/2/20 6:00,Exit Short,@CL,$16.88 ,,$790.00 ,"$77,223.48 ",,($150.00),42.34%,35.59%,$0.19 ,$10.00 
255,Buy,11/5/20 6:00, Buy ,@CL,$20.94 ,$0.00 ,1,($400.38),-1.81%,$370.00 ,49.33%,,$0.19 ,$10.00 
,Sell,11/5/20 12:00,Stop Loss,@CL,$20.56 ,,($380.00),"$76,823.10 ",,($380.00),0.00%,-50.67%,$0.19 ,$10.00 
256,Buy,11/20/20 7:00, Buy ,@CL,$23.90 ,$0.00 ,1,($380.38),-1.51%,$190.00 ,34.55%,,$0.19 ,$10.00 
,Sell,11/20/20 10:00,Stop Loss,@CL,$23.54 ,,($360.00),"$76,442.72 ",,($360.00),0.00%,-65.45%,$0.19 ,$10.00 
257,Buy,11/20/20 15:00, Buy ,@CL,$24.07 ,$0.00 ,1,$439.62 ,1.91%,"$1,030.00 ",96.26%,,$0.19 ,$10.00 
,Sell,11/23/20 8:00,Exit Long,@CL,$24.53 ,,$460.00 ,"$76,882.34 ",,($40.00),46.73%,42.99%,$0.19 ,$10.00 
258,Buy,11/30/20 16:00, Buy ,@CL,$27.24 ,$0.00 ,1,($570.38),-2.02%,$110.00 ,16.67%,,$0.19 ,$10.00 
,Sell,11/30/20 16:00,Stop Loss,@CL,$26.69 ,,($550.00),"$76,311.96 ",,($550.00),0.00%,-83.33%,$0.19 ,$10.00 
259,Buy,12/7/20 14:00, Buy ,@CL,$28.21 ,$0.00 ,1,($470.38),-1.60%,$20.00 ,4.26%,,$0.19 ,$10.00 
,Sell,12/7/20 14:00,Stop Loss,@CL,$27.76 ,,($450.00),"$75,841.58 ",,($450.00),0.00%,-95.74%,$0.19 ,$10.00 
260,Sell Short,12/9/20 12:00, Sell ,@CL,$27.05 ,$0.00 ,1,($720.38),-2.59%,$360.00 ,33.96%,,$0.19 ,$10.00 
,Buy to Cover,12/9/20 13:00,Stop Loss,@CL,$27.75 ,,($700.00),"$75,121.20 ",,($700.00),0.00%,-66.04%,$0.19 ,$10.00 
261,Buy,12/14/20 16:00, Buy ,@CL,$28.71 ,$0.00 ,1,$299.62 ,1.11%,$940.00 ,68.61%,,$0.19 ,$10.00 
,Sell,12/16/20 12:00,Exit Long,@CL,$29.03 ,,$320.00 ,"$75,420.82 ",,($430.00),54.74%,23.36%,$0.19 ,$10.00 
262,Buy,12/16/20 14:00, Buy ,@CL,$29.60 ,$0.00 ,1,$119.62 ,0.47%,$730.00 ,77.66%,,$0.19 ,$10.00 
,Sell,12/17/20 7:00,Exit Long,@CL,$29.74 ,,$140.00 ,"$75,540.44 ",,($210.00),37.23%,14.89%,$0.19 ,$10.00 
263,Buy,12/18/20 10:00, Buy ,@CL,$30.20 ,$0.00 ,1,($120.38),-0.33%,$760.00 ,79.17%,,$0.19 ,$10.00 
,Sell,12/20/20 20:00,Exit Long,@CL,$30.10 ,,($100.00),"$75,420.06 ",,($200.00),10.42%,-10.42%,$0.19 ,$10.00 
264,Buy,12/31/20 16:00, Buy ,@CL,$29.96 ,$0.00 ,1,($310.38),-0.97%,$90.00 ,23.68%,,$0.19 ,$10.00 
,Sell,1/3/21 19:00,Stop Loss,@CL,$29.67 ,,($290.00),"$75,109.68 ",,($290.00),0.00%,-76.32%,$0.19 ,$10.00 
265,Buy,1/27/21 12:00, Buy ,@CL,$34.65 ,$0.00 ,1,($390.38),-1.07%,$130.00 ,24.53%,,$0.19 ,$10.00 
,Sell,1/27/21 15:00,Exit Long,@CL,$34.28 ,,($370.00),"$74,719.30 ",,($400.00),5.66%,-69.81%,$0.19 ,$10.00 
266,Sell Short,1/28/21 13:00, Sell ,@CL,$33.93 ,$0.00 ,1,($120.38),-0.29%,$520.00 ,69.33%,,$0.19 ,$10.00 
,Buy to Cover,1/29/21 7:00,Exit Short,@CL,$34.03 ,,($100.00),"$74,598.92 ",,($230.00),17.33%,-13.33%,$0.19 ,$10.00 
267,Sell Short,1/29/21 14:00, Sell ,@CL,$33.62 ,$0.00 ,1,($300.38),-0.83%,$500.00 ,58.14%,,$0.19 ,$10.00 
,Buy to Cover,2/1/21 0:00,Exit Short,@CL,$33.90 ,,($280.00),"$74,298.54 ",,($360.00),9.30%,-32.56%,$0.19 ,$10.00 
268,Buy,2/4/21 14:00, Buy ,@CL,$37.66 ,$0.00 ,1,"$1,859.62 ",4.99%,"$2,440.00 ",98.79%,,$0.19 ,$10.00 
,Sell,2/9/21 7:00,Exit Long,@CL,$39.54 ,,"$1,880.00 ","$76,158.16 ",,($30.00),77.33%,76.11%,$0.19 ,$10.00 
269,Buy,2/10/21 6:00, Buy ,@CL,$40.01 ,$0.00 ,1,($290.38),-0.67%,$230.00 ,45.10%,,$0.19 ,$10.00 
,Sell,2/10/21 11:00,Exit Long,@CL,$39.74 ,,($270.00),"$75,867.78 ",,($280.00),1.96%,-52.94%,$0.19 ,$10.00 
270,Buy,2/11/21 10:00, Buy ,@CL,$40.05 ,$0.00 ,1,($320.38),-0.75%,$140.00 ,31.82%,,$0.19 ,$10.00 
,Sell,2/11/21 13:00,Stop Loss,@CL,$39.75 ,,($300.00),"$75,547.40 ",,($300.00),0.00%,-68.18%,$0.19 ,$10.00 
271,Buy,3/12/21 13:00, Buy ,@CL,$47.57 ,$0.00 ,1,($470.38),-0.95%,$80.00 ,15.09%,,$0.19 ,$10.00 
,Sell,3/12/21 14:00,Stop Loss,@CL,$47.12 ,,($450.00),"$75,077.02 ",,($450.00),0.00%,-84.91%,$0.19 ,$10.00 
272,Sell Short,3/17/21 8:00, Sell ,@CL,$45.66 ,$0.00 ,1,($510.38),-1.07%,$600.00 ,55.05%,,$0.19 ,$10.00 
,Buy to Cover,3/17/21 15:00,Stop Loss,@CL,$46.15 ,,($490.00),"$74,566.64 ",,($490.00),0.00%,-44.95%,$0.19 ,$10.00 
273,Sell Short,3/18/21 10:00, Sell ,@CL,$45.35 ,$0.00 ,1,"$4,059.62 ",9.00%,"$5,640.00 ",100.00%,,$0.19 ,$10.00 
,Buy to Cover,3/18/21 21:00,Exit Short,@CL,$41.27 ,,"$4,080.00 ","$78,626.26 ",,$0.00 ,72.34%,72.34%,$0.19 ,$10.00 
274,Sell Short,4/7/21 6:00, Sell ,@CL,$40.48 ,$0.00 ,1,($580.38),-1.38%,$270.00 ,32.53%,,$0.19 ,$10.00 
,Buy to Cover,4/7/21 7:00,Stop Loss,@CL,$41.04 ,,($560.00),"$78,045.88 ",,($560.00),0.00%,-67.47%,$0.19 ,$10.00 
275,Sell Short,4/7/21 11:00, Sell ,@CL,$40.47 ,$0.00 ,1,($440.38),-1.04%,$920.00 ,67.65%,,$0.19 ,$10.00 
,Buy to Cover,4/7/21 14:00,Exit Short,@CL,$40.89 ,,($420.00),"$77,605.50 ",,($440.00),1.47%,-30.88%,$0.19 ,$10.00 
276,Buy,4/23/21 12:00, Buy ,@CL,$43.48 ,$0.00 ,1,($650.38),-1.45%,$210.00 ,25.00%,,$0.19 ,$10.00 
,Sell,4/26/21 2:00,Stop Loss,@CL,$42.85 ,,($630.00),"$76,955.12 ",,($630.00),0.00%,-75.00%,$0.19 ,$10.00 
277,Buy,5/26/21 13:00, Buy ,@CL,$47.62 ,$0.00 ,1,($700.38),-1.43%,$100.00 ,12.82%,,$0.19 ,$10.00 
,Sell,5/27/21 5:00,Stop Loss,@CL,$46.94 ,,($680.00),"$76,254.74 ",,($680.00),0.00%,-87.18%,$0.19 ,$10.00 
278,Buy,5/27/21 11:00, Buy ,@CL,$47.47 ,$0.00 ,1,$709.62 ,1.54%,"$1,350.00 ",91.22%,,$0.19 ,$10.00 
,Sell,5/28/21 4:00,Exit Long,@CL,$48.20 ,,$730.00 ,"$76,964.36 ",,($130.00),58.11%,49.32%,$0.19 ,$10.00 
279,Buy,6/2/21 13:00, Buy ,@CL,$49.96 ,$0.00 ,1,$239.62 ,0.52%,$810.00 ,95.29%,,$0.19 ,$10.00 
,Sell,6/3/21 6:00,Exit Long,@CL,$50.22 ,,$260.00 ,"$77,203.98 ",,($40.00),35.29%,30.59%,$0.19 ,$10.00 
280,Buy,6/11/21 6:00, Buy ,@CL,$51.86 ,$0.00 ,1,($290.38),-0.52%,$310.00 ,53.45%,,$0.19 ,$10.00 
,Sell,6/11/21 9:00,Stop Loss,@CL,$51.59 ,,($270.00),"$76,913.60 ",,($270.00),0.00%,-46.55%,$0.19 ,$10.00 
281,Buy,6/25/21 10:00, Buy ,@CL,$55.04 ,$0.00 ,1,($440.38),-0.76%,$430.00 ,50.59%,,$0.19 ,$10.00 
,Sell,6/25/21 11:00,Stop Loss,@CL,$54.62 ,,($420.00),"$76,473.22 ",,($420.00),0.00%,-49.41%,$0.19 ,$10.00 
282,Sell Short,7/18/21 19:00, Sell ,@CL,$53.04 ,$0.00 ,1,"$4,229.62 ",8.01%,"$5,580.00 ",95.55%,,$0.19 ,$10.00 
,Buy to Cover,7/19/21 21:00,Exit Short,@CL,$48.79 ,,"$4,250.00 ","$80,702.84 ",,($260.00),77.23%,72.77%,$0.19 ,$10.00 
283,Buy,7/26/21 15:00, Buy ,@CL,$53.91 ,$0.00 ,1,($690.38),-1.24%,$320.00 ,32.32%,,$0.19 ,$10.00 
,Sell,7/27/21 13:00,Stop Loss,@CL,$53.24 ,,($670.00),"$80,012.46 ",,($670.00),0.00%,-67.68%,$0.19 ,$10.00 
284,Buy,7/28/21 6:00, Buy ,@CL,$54.37 ,$0.00 ,1,($420.38),-0.74%,$130.00 ,24.53%,,$0.19 ,$10.00 
,Sell,7/28/21 7:00,Stop Loss,@CL,$53.97 ,,($400.00),"$79,592.08 ",,($400.00),0.00%,-75.47%,$0.19 ,$10.00 
285,Buy,8/11/21 14:00, Buy ,@CL,$50.75 ,$0.00 ,1,($40.38),-0.04%,$770.00 ,66.38%,,$0.19 ,$10.00 
,Sell,8/12/21 21:00,Exit Long,@CL,$50.73 ,,($20.00),"$79,551.70 ",,($390.00),31.90%,-1.72%,$0.19 ,$10.00 
286,Buy,8/13/21 7:00, Buy ,@CL,$50.88 ,$0.00 ,1,($470.38),-0.88%,$240.00 ,34.78%,,$0.19 ,$10.00 
,Sell,8/13/21 13:00,Stop Loss,@CL,$50.43 ,,($450.00),"$79,081.32 ",,($450.00),0.00%,-65.22%,$0.19 ,$10.00 
287,Sell Short,8/17/21 14:00, Sell ,@CL,$48.34 ,$0.00 ,1,($870.38),-1.76%,$70.00 ,7.61%,,$0.19 ,$10.00 
,Buy to Cover,8/18/21 6:00,Stop Loss,@CL,$49.19 ,,($850.00),"$78,210.94 ",,($850.00),0.00%,-92.39%,$0.19 ,$10.00 
288,Buy,9/9/21 9:00, Buy ,@CL,$51.88 ,$0.00 ,1,($420.38),-0.77%,$110.00 ,21.57%,,$0.19 ,$10.00 
,Sell,9/9/21 9:00,Stop Loss,@CL,$51.48 ,,($400.00),"$77,790.56 ",,($400.00),0.00%,-78.43%,$0.19 ,$10.00 
289,Buy,9/14/21 10:00, Buy ,@CL,$53.21 ,$0.00 ,1,($480.38),-0.86%,$160.00 ,25.81%,,$0.19 ,$10.00 
,Sell,9/14/21 11:00,Stop Loss,@CL,$52.75 ,,($460.00),"$77,310.18 ",,($460.00),0.00%,-74.19%,$0.19 ,$10.00 
290,Buy,9/16/21 15:00, Buy ,@CL,$54.89 ,$0.00 ,1,($600.38),-1.06%,$120.00 ,17.14%,,$0.19 ,$10.00 
,Sell,9/17/21 4:00,Stop Loss,@CL,$54.31 ,,($580.00),"$76,709.80 ",,($580.00),0.00%,-82.86%,$0.19 ,$10.00 
291,Sell Short,9/21/21 11:00, Sell ,@CL,$52.72 ,$0.00 ,1,($10.38),0.02%,$940.00 ,87.85%,,$0.19 ,$10.00 
,Buy to Cover,9/21/21 13:00,Exit Short,@CL,$52.71 ,,$10.00 ,"$76,699.42 ",,($130.00),13.08%,0.93%,$0.19 ,$10.00 
292,Sell Short,9/30/21 9:00, Sell ,@CL,$56.55 ,$0.00 ,1,($710.38),-1.22%,"$1,020.00 ",59.65%,,$0.19 ,$10.00 
,Buy to Cover,9/30/21 12:00,Stop Loss,@CL,$57.24 ,,($690.00),"$75,989.04 ",,($690.00),0.00%,-40.35%,$0.19 ,$10.00 
293,Sell Short,10/1/21 6:00, Sell ,@CL,$56.67 ,$0.00 ,1,($500.38),-0.85%,$20.00 ,4.00%,,$0.19 ,$10.00 
,Buy to Cover,10/1/21 8:00,Stop Loss,@CL,$57.15 ,,($480.00),"$75,488.66 ",,($480.00),0.00%,-96.00%,$0.19 ,$10.00 
294,Sell Short,10/13/21 6:00, Sell ,@CL,$62.55 ,$0.00 ,1,($360.38),-0.54%,$290.00 ,46.03%,,$0.19 ,$10.00 
,Buy to Cover,10/13/21 6:00,Stop Loss,@CL,$62.89 ,,($340.00),"$75,128.28 ",,($340.00),0.00%,-53.97%,$0.19 ,$10.00 
295,Buy,10/20/21 12:00, Buy ,@CL,$65.41 ,$0.00 ,1,$709.62 ,1.12%,"$1,490.00 ",96.75%,,$0.19 ,$10.00 
,Sell,10/21/21 3:00,Exit Long,@CL,$66.14 ,,$730.00 ,"$75,837.90 ",,($50.00),50.65%,47.40%,$0.19 ,$10.00 
296,Buy,10/29/21 15:00, Buy ,@CL,$66.35 ,$0.00 ,1,$409.62 ,0.65%,"$1,470.00 ",68.69%,,$0.19 ,$10.00 
,Sell,11/1/21 15:00,Exit Long,@CL,$66.78 ,,$430.00 ,"$76,247.52 ",,($670.00),51.40%,20.09%,$0.19 ,$10.00 
297,Buy,11/9/21 6:00, Buy ,@CL,$65.68 ,$0.00 ,1,($430.38),-0.62%,$80.00 ,16.33%,,$0.19 ,$10.00 
,Sell,11/9/21 6:00,Stop Loss,@CL,$65.27 ,,($410.00),"$75,817.14 ",,($410.00),0.00%,-83.67%,$0.19 ,$10.00 
298,Buy,11/9/21 11:00, Buy ,@CL,$65.71 ,$0.00 ,1,"$1,309.62 ",2.02%,"$2,200.00 ",81.18%,,$0.19 ,$10.00 
,Sell,11/10/21 5:00,Exit Long,@CL,$67.04 ,,"$1,330.00 ","$77,126.76 ",,($510.00),67.90%,49.08%,$0.19 ,$10.00 
299,Sell Short,11/12/21 15:00, Sell ,@CL,$63.34 ,$0.00 ,1,($120.38),-0.16%,"$1,100.00 ",57.89%,,$0.19 ,$10.00 
,Buy to Cover,11/15/21 15:00,Exit Short,@CL,$63.44 ,,($100.00),"$77,006.38 ",,($800.00),36.84%,-5.26%,$0.19 ,$10.00 
300,Buy,12/8/21 13:00, Buy ,@CL,$56.65 ,$0.00 ,1,($470.38),-0.79%,$650.00 ,48.87%,,$0.19 ,$10.00 
,Sell,12/9/21 5:00,Exit Long,@CL,$56.20 ,,($450.00),"$76,536.00 ",,($680.00),17.29%,-33.83%,$0.19 ,$10.00 
301,Buy,12/30/21 11:00, Buy ,@CL,$61.21 ,$0.00 ,1,($540.38),-0.85%,$400.00 ,40.00%,,$0.19 ,$10.00 
,Sell,12/30/21 17:00,Exit Long,@CL,$60.69 ,,($520.00),"$75,995.62 ",,($600.00),8.00%,-52.00%,$0.19 ,$10.00 
302,Buy,1/4/22 7:00, Buy ,@CL,$60.84 ,$0.00 ,1,($600.38),-0.95%,$80.00 ,12.12%,,$0.19 ,$10.00 
,Sell,1/4/22 8:00,Stop Loss,@CL,$60.26 ,,($580.00),"$75,395.24 ",,($580.00),0.00%,-87.88%,$0.19 ,$10.00 
303,Sell Short,2/3/22 6:00, Sell ,@CL,$72.06 ,$0.00 ,1,($550.38),-0.74%,$620.00 ,53.91%,,$0.19 ,$10.00 
,Buy to Cover,2/3/22 10:00,Stop Loss,@CL,$72.59 ,,($530.00),"$74,844.86 ",,($530.00),0.00%,-46.09%,$0.19 ,$10.00 
304,Sell Short,2/9/22 13:00, Sell ,@CL,$73.70 ,$0.00 ,1,"($1,210.38)",-1.61%,$100.00 ,7.75%,,$0.19 ,$10.00 
,Buy to Cover,2/10/22 4:00,Stop Loss,@CL,$74.89 ,,"($1,190.00)","$73,634.48 ",,"($1,190.00)",0.00%,-92.25%,$0.19 ,$10.00 
305,Buy,2/11/22 8:00, Buy ,@CL,$75.53 ,$0.00 ,1,"$2,219.62 ",2.97%,"$4,100.00 ",95.13%,,$0.19 ,$10.00 
,Sell,2/14/22 5:00,Exit Long,@CL,$77.77 ,,"$2,240.00 ","$75,854.10 ",,($210.00),56.84%,51.97%,$0.19 ,$10.00 
306,Sell Short,3/16/22 8:00, Sell ,@CL,$82.38 ,$0.00 ,1,"($1,780.38)",-2.14%,$200.00 ,10.20%,,$0.19 ,$10.00 
,Buy to Cover,3/16/22 9:00,Stop Loss,@CL,$84.14 ,,"($1,760.00)","$74,073.72 ",,"($1,760.00)",0.00%,-89.80%,$0.19 ,$10.00 
307,Sell Short,3/16/22 12:00, Sell ,@CL,$81.91 ,$0.00 ,1,"($2,450.38)",-2.97%,"$1,320.00 ",33.76%,,$0.19 ,$10.00 
,Buy to Cover,3/17/22 5:00,Exit Short,@CL,$84.34 ,,"($2,430.00)","$71,623.34 ",,"($2,590.00)",4.09%,-62.15%,$0.19 ,$10.00 
308,Sell Short,4/4/22 7:00, Sell ,@CL,$86.51 ,$0.00 ,1,"($1,270.38)",-1.44%,$70.00 ,5.30%,,$0.19 ,$10.00 
,Buy to Cover,4/4/22 8:00,Stop Loss,@CL,$87.76 ,,"($1,250.00)","$70,352.96 ",,"($1,250.00)",0.00%,-94.70%,$0.19 ,$10.00 
309,Sell Short,4/8/22 12:00, Sell ,@CL,$83.60 ,$0.00 ,1,"($1,620.38)",-1.91%,$130.00 ,7.51%,,$0.19 ,$10.00 
,Buy to Cover,4/8/22 12:00,Stop Loss,@CL,$85.20 ,,"($1,600.00)","$68,732.58 ",,"($1,600.00)",0.00%,-92.49%,$0.19 ,$10.00 
310,Sell Short,4/22/22 6:00, Sell ,@CL,$90.33 ,$0.00 ,1,"$4,759.62 ",5.29%,"$6,630.00 ",85.44%,,$0.19 ,$10.00 
,Buy to Cover,4/25/22 15:00,Exit Short,@CL,$85.55 ,,"$4,780.00 ","$73,492.20 ",,"($1,130.00)",76.16%,61.60%,$0.19 ,$10.00 
311,Buy,4/28/22 6:00, Buy ,@CL,$91.25 ,$0.00 ,1,"($1,300.38)",-1.40%,$220.00 ,14.67%,,$0.19 ,$10.00 
,Sell,4/28/22 8:00,Stop Loss,@CL,$89.97 ,,"($1,280.00)","$72,191.82 ",,"($1,280.00)",0.00%,-85.33%,$0.19 ,$10.00 
312,Buy,5/6/22 6:00, Buy ,@CL,$98.37 ,$0.00 ,1,($640.38),-0.63%,$900.00 ,52.63%,,$0.19 ,$10.00 
,Sell,5/6/22 10:00,Exit Long,@CL,$97.75 ,,($620.00),"$71,551.44 ",,($810.00),11.11%,-36.26%,$0.19 ,$10.00 
313,Buy,5/6/22 12:00, Buy ,@CL,$98.85 ,$0.00 ,1,($940.38),-0.93%,$750.00 ,38.86%,,$0.19 ,$10.00 
,Sell,5/6/22 15:00,Exit Long,@CL,$97.93 ,,($920.00),"$70,611.06 ",,"($1,180.00)",13.47%,-47.67%,$0.19 ,$10.00 
314,Sell Short,6/7/22 15:00, Sell ,@CL,$109.32 ,$0.00 ,1,"($1,710.38)",-1.55%,$150.00 ,8.15%,,$0.19 ,$10.00 
,Buy to Cover,6/7/22 15:00,Stop Loss,@CL,$111.01 ,,"($1,690.00)","$68,900.68 ",,"($1,690.00)",0.00%,-91.85%,$0.19 ,$10.00 
315,Buy,6/7/22 16:00, Buy ,@CL,$111.28 ,$0.00 ,1,($220.38),-0.18%,"$1,280.00 ",61.84%,,$0.19 ,$10.00 
,Sell,6/8/22 11:00,Exit Long,@CL,$111.08 ,,($200.00),"$68,680.30 ",,($790.00),28.50%,-9.66%,$0.19 ,$10.00 
316,Buy,6/29/22 8:00, Buy ,@CL,$106.03 ,$0.00 ,1,"($1,010.38)",-0.93%,"$1,430.00 ",59.09%,,$0.19 ,$10.00 
,Sell,6/29/22 12:00,Stop Loss,@CL,$105.04 ,,($990.00),"$67,669.92 ",,($990.00),0.00%,-40.91%,$0.19 ,$10.00 
317,Buy,7/19/22 12:00, Buy ,@CL,$95.41 ,$0.00 ,1,$349.62 ,0.39%,"$2,010.00 ",74.17%,,$0.19 ,$10.00 
,Sell,7/20/22 3:00,Exit Long,@CL,$95.78 ,,$370.00 ,"$68,019.54 ",,($700.00),39.48%,13.65%,$0.19 ,$10.00 
318,Buy,7/20/22 14:00, Buy ,@CL,$96.99 ,$0.00 ,1,"($1,460.38)",-1.48%,$70.00 ,4.64%,,$0.19 ,$10.00 
,Sell,7/20/22 15:00,Stop Loss,@CL,$95.55 ,,"($1,440.00)","$66,559.16 ",,"($1,440.00)",0.00%,-95.36%,$0.19 ,$10.00 
319,Sell Short,8/3/22 12:00, Sell ,@CL,$88.87 ,$0.00 ,1,"$3,359.62 ",3.80%,"$4,890.00 ",94.22%,,$0.19 ,$10.00 
,Buy to Cover,8/5/22 2:00,Exit Short,@CL,$85.49 ,,"$3,380.00 ","$69,918.78 ",,($300.00),70.91%,65.13%,$0.19 ,$10.00 
320,Buy,8/10/22 14:00, Buy ,@CL,$88.09 ,$0.00 ,1,"$1,419.62 ",1.63%,"$3,390.00 ",88.98%,,$0.19 ,$10.00 
,Sell,8/12/22 8:00,Exit Long,@CL,$89.53 ,,"$1,440.00 ","$71,338.40 ",,($420.00),48.82%,37.80%,$0.19 ,$10.00 
321,Buy,8/19/22 11:00, Buy ,@CL,$86.80 ,$0.00 ,1,($10.38),0.01%,"$1,740.00 ",88.32%,,$0.19 ,$10.00 
,Sell,8/19/22 15:00,Exit Long,@CL,$86.81 ,,$10.00 ,"$71,328.02 ",,($230.00),12.18%,0.51%,$0.19 ,$10.00 
322,Buy,8/22/22 8:00, Buy ,@CL,$87.62 ,$0.00 ,1,"($1,150.38)",-1.29%,$80.00 ,6.61%,,$0.19 ,$10.00 
,Sell,8/22/22 9:00,Stop Loss,@CL,$86.49 ,,"($1,130.00)","$70,177.64 ",,"($1,130.00)",0.00%,-93.39%,$0.19 ,$10.00 
323,Buy,8/22/22 14:00, Buy ,@CL,$86.99 ,$0.00 ,1,"$3,429.62 ",3.97%,"$5,260.00 ",82.70%,,$0.19 ,$10.00 
,Sell,8/24/22 10:00,Exit Long,@CL,$90.44 ,,"$3,450.00 ","$73,607.26 ",,"($1,100.00)",71.54%,54.25%,$0.19 ,$10.00 
324,Buy,9/14/22 7:00, Buy ,@CL,$84.73 ,$0.00 ,1,($920.38),-1.06%,$150.00 ,14.29%,,$0.19 ,$10.00 
,Sell,9/14/22 8:00,Stop Loss,@CL,$83.83 ,,($900.00),"$72,686.88 ",,($900.00),0.00%,-85.71%,$0.19 ,$10.00 
325,Buy,9/28/22 8:00, Buy ,@CL,$76.32 ,$0.00 ,1,"$1,909.62 ",2.53%,"$3,370.00 ",86.19%,,$0.19 ,$10.00 
,Sell,9/29/22 5:00,Exit Long,@CL,$78.25 ,,"$1,930.00 ","$74,596.50 ",,($540.00),63.17%,49.36%,$0.19 ,$10.00 
326,Buy,10/6/22 11:00, Buy ,@CL,$85.43 ,$0.00 ,1,$169.62 ,0.22%,"$1,240.00 ",82.67%,,$0.19 ,$10.00 
,Sell,10/7/22 1:00,Exit Long,@CL,$85.62 ,,$190.00 ,"$74,766.12 ",,($260.00),30.00%,12.67%,$0.19 ,$10.00 
327,Sell Short,10/12/22 10:00, Sell ,@CL,$85.83 ,$0.00 ,1,$549.62 ,0.66%,"$2,250.00 ",87.89%,,$0.19 ,$10.00 
,Buy to Cover,10/13/22 5:00,Exit Short,@CL,$85.26 ,,$570.00 ,"$75,315.74 ",,($310.00),34.37%,22.27%,$0.19 ,$10.00 
328,Sell Short,10/18/22 6:00, Sell ,@CL,$82.31 ,$0.00 ,1,($860.38),-1.02%,$480.00 ,36.36%,,$0.19 ,$10.00 
,Buy to Cover,10/18/22 9:00,Stop Loss,@CL,$83.15 ,,($840.00),"$74,455.36 ",,($840.00),0.00%,-63.64%,$0.19 ,$10.00 
329,Sell Short,10/25/22 7:00, Sell ,@CL,$81.54 ,$0.00 ,1,($800.38),-0.96%,$250.00 ,24.27%,,$0.19 ,$10.00 
,Buy to Cover,10/25/22 9:00,Stop Loss,@CL,$82.32 ,,($780.00),"$73,654.98 ",,($780.00),0.00%,-75.73%,$0.19 ,$10.00 
330,Buy,10/26/22 6:00, Buy ,@CL,$83.98 ,$0.00 ,1,"$2,899.62 ",3.48%,"$4,040.00 ",94.84%,,$0.19 ,$10.00 
,Sell,10/27/22 19:00,Exit Long,@CL,$86.90 ,,"$2,920.00 ","$76,554.60 ",,($220.00),73.71%,68.54%,$0.19 ,$10.00 
331,Buy,12/5/22 8:00, Buy ,@CL,$81.04 ,$0.00 ,1,($860.38),-1.04%,$500.00 ,37.31%,,$0.19 ,$10.00 
,Sell,12/5/22 10:00,Stop Loss,@CL,$80.20 ,,($840.00),"$75,694.22 ",,($840.00),0.00%,-62.69%,$0.19 ,$10.00 
332,Sell Short,12/9/22 14:00, Sell ,@CL,$69.76 ,$0.00 ,1,($720.38),-1.00%,$860.00 ,53.75%,,$0.19 ,$10.00 
,Buy to Cover,12/9/22 16:00,Exit Short,@CL,$70.46 ,,($700.00),"$74,973.84 ",,($740.00),2.50%,-43.75%,$0.19 ,$10.00 
333,Buy,12/20/22 6:00, Buy ,@CL,$75.05 ,$0.00 ,1,"($1,040.38)",-1.36%,$260.00 ,20.31%,,$0.19 ,$10.00 
,Sell,12/20/22 12:00,Stop Loss,@CL,$74.03 ,,"($1,020.00)","$73,933.46 ",,"($1,020.00)",0.00%,-79.69%,$0.19 ,$10.00 
334,Buy,12/20/22 15:00, Buy ,@CL,$75.62 ,$0.00 ,1,"$2,019.62 ",2.70%,"$3,060.00 ",74.63%,,$0.19 ,$10.00 
,Sell,12/22/22 10:00,Exit Long,@CL,$77.66 ,,"$2,040.00 ","$75,953.08 ",,"($1,040.00)",75.12%,49.76%,$0.19 ,$10.00 
335,Buy,12/27/22 12:00, Buy ,@CL,$79.18 ,$0.00 ,1,($240.38),-0.28%,$780.00 ,74.29%,,$0.19 ,$10.00 
,Sell,12/27/22 15:00,Exit Long,@CL,$78.96 ,,($220.00),"$75,712.70 ",,($270.00),4.76%,-20.95%,$0.19 ,$10.00 
336,Buy,1/17/23 7:00, Buy ,@CL,$78.67 ,$0.00 ,1,$329.62 ,0.44%,"$1,340.00 ",96.40%,,$0.19 ,$10.00 
,Sell,1/17/23 13:00,Exit Long,@CL,$79.02 ,,$350.00 ,"$76,042.32 ",,($50.00),28.78%,25.18%,$0.19 ,$10.00 
337,Buy,1/20/23 14:00, Buy ,@CL,$80.16 ,$0.00 ,1,($120.38),-0.12%,$990.00 ,62.26%,,$0.19 ,$10.00 
,Sell,1/23/23 16:00,Exit Long,@CL,$80.06 ,,($100.00),"$75,921.94 ",,($600.00),31.45%,-6.29%,$0.19 ,$10.00 
338,Buy,2/21/23 7:00, Buy ,@CL,$75.66 ,$0.00 ,1,($720.38),-0.93%,$240.00 ,25.53%,,$0.19 ,$10.00 
,Sell,2/21/23 10:00,Stop Loss,@CL,$74.96 ,,($700.00),"$75,201.56 ",,($700.00),0.00%,-74.47%,$0.19 ,$10.00 
339,Sell Short,2/21/23 12:00, Sell ,@CL,$74.63 ,$0.00 ,1,$469.62 ,0.66%,"$1,410.00 ",67.14%,,$0.19 ,$10.00 
,Buy to Cover,2/22/23 9:00,Exit Short,@CL,$74.14 ,,$490.00 ,"$75,671.18 ",,($690.00),56.19%,23.33%,$0.19 ,$10.00 
340,Buy,2/24/23 13:00, Buy ,@CL,$74.54 ,$0.00 ,1,($480.38),-0.62%,$480.00 ,43.64%,,$0.19 ,$10.00 
,Sell,2/27/23 2:00,Exit Long,@CL,$74.08 ,,($460.00),"$75,190.80 ",,($620.00),14.55%,-41.82%,$0.19 ,$10.00 
341,Buy,3/1/23 12:00, Buy ,@CL,$75.80 ,$0.00 ,1,($840.38),-1.08%,$160.00 ,16.33%,,$0.19 ,$10.00 
,Sell,3/1/23 12:00,Stop Loss,@CL,$74.98 ,,($820.00),"$74,350.42 ",,($820.00),0.00%,-83.67%,$0.19 ,$10.00 
342,Buy,3/2/23 6:00, Buy ,@CL,$76.42 ,$0.00 ,1,($490.38),-0.62%,$200.00 ,29.85%,,$0.19 ,$10.00 
,Sell,3/2/23 9:00,Stop Loss,@CL,$75.95 ,,($470.00),"$73,860.04 ",,($470.00),0.00%,-70.15%,$0.19 ,$10.00 
343,Sell Short,3/9/23 14:00, Sell ,@CL,$74.69 ,$0.00 ,1,$429.62 ,0.60%,"$1,650.00 ",94.29%,,$0.19 ,$10.00 
,Buy to Cover,3/10/23 10:00,Exit Short,@CL,$74.24 ,,$450.00 ,"$74,289.66 ",,($100.00),31.43%,25.71%,$0.19 ,$10.00 
344,Sell Short,3/14/23 14:00, Sell ,@CL,$71.33 ,$0.00 ,1,$779.62 ,1.12%,"$2,280.00 ",92.31%,,$0.19 ,$10.00 
,Buy to Cover,3/15/23 0:00,Exit Short,@CL,$70.53 ,,$800.00 ,"$75,069.28 ",,($190.00),40.08%,32.39%,$0.19 ,$10.00 
345,Sell Short,3/17/23 10:00, Sell ,@CL,$65.89 ,$0.00 ,1,"$1,709.62 ",2.63%,"$3,430.00 ",87.72%,,$0.19 ,$10.00 
,Buy to Cover,3/20/23 9:00,Exit Short,@CL,$64.16 ,,"$1,730.00 ","$76,778.90 ",,($480.00),56.52%,44.25%,$0.19 ,$10.00 
346,Sell Short,4/11/23 8:00, Sell ,@CL,$77.72 ,$0.00 ,1,($540.38),-0.67%,$250.00 ,32.47%,,$0.19 ,$10.00 
,Buy to Cover,4/11/23 10:00,Stop Loss,@CL,$78.24 ,,($520.00),"$76,238.52 ",,($520.00),0.00%,-67.53%,$0.19 ,$10.00 
347,Sell Short,4/17/23 6:00, Sell ,@CL,$79.97 ,$0.00 ,1,($390.38),-0.46%,$20.00 ,5.13%,,$0.19 ,$10.00 
,Buy to Cover,4/17/23 6:00,Stop Loss,@CL,$80.34 ,,($370.00),"$75,848.14 ",,($370.00),0.00%,-94.87%,$0.19 ,$10.00 
348,Sell Short,4/28/23 11:00, Sell ,@CL,$72.71 ,$0.00 ,1,($720.38),-0.96%,$30.00 ,4.11%,,$0.19 ,$10.00 
,Buy to Cover,4/28/23 11:00,Stop Loss,@CL,$73.41 ,,($700.00),"$75,127.76 ",,($700.00),0.00%,-95.89%,$0.19 ,$10.00 
349,Sell Short,5/11/23 9:00, Sell ,@CL,$70.38 ,$0.00 ,1,"$1,169.62 ",1.69%,"$2,140.00 ",85.94%,,$0.19 ,$10.00 
,Buy to Cover,5/12/23 8:00,Exit Short,@CL,$69.19 ,,"$1,190.00 ","$76,297.38 ",,($350.00),61.85%,47.79%,$0.19 ,$10.00 
350,Buy,6/21/23 11:00, Buy ,@CL,$69.80 ,$0.00 ,1,$99.62 ,0.17%,$770.00 ,68.75%,,$0.19 ,$10.00 
,Sell,6/22/23 6:00,Exit Long,@CL,$69.92 ,,$120.00 ,"$76,397.00 ",,($350.00),41.96%,10.71%,$0.19 ,$10.00 
351,Buy,6/30/23 10:00, Buy ,@CL,$68.41 ,$0.00 ,1,($200.38),-0.26%,"$1,210.00 ",65.76%,,$0.19 ,$10.00 
,Sell,7/3/23 11:00,Exit Long,@CL,$68.23 ,,($180.00),"$76,196.62 ",,($630.00),24.46%,-9.78%,$0.19 ,$10.00 
352,Buy,7/7/23 11:00, Buy ,@CL,$70.46 ,$0.00 ,1,$499.62 ,0.74%,"$1,390.00 ",92.67%,,$0.19 ,$10.00 
,Sell,7/10/23 5:00,Exit Long,@CL,$70.98 ,,$520.00 ,"$76,696.24 ",,($110.00),42.00%,34.67%,$0.19 ,$10.00 
353,Buy,7/11/23 11:00, Buy ,@CL,$71.73 ,$0.00 ,1,"$1,629.62 ",2.30%,"$2,280.00 ",97.85%,,$0.19 ,$10.00 
,Sell,7/13/23 10:00,Exit Long,@CL,$73.38 ,,"$1,650.00 ","$78,325.86 ",,($50.00),72.96%,70.82%,$0.19 ,$10.00 
354,Buy,7/24/23 6:00, Buy ,@CL,$74.96 ,$0.00 ,1,"$1,509.62 ",2.04%,"$2,240.00 ",90.32%,,$0.19 ,$10.00 
,Sell,7/25/23 6:00,Exit Long,@CL,$76.49 ,,"$1,530.00 ","$79,835.48 ",,($240.00),71.37%,61.69%,$0.19 ,$10.00 
355,Buy,7/28/23 10:00, Buy ,@CL,$78.09 ,$0.00 ,1,($360.38),-0.44%,$20.00 ,5.56%,,$0.19 ,$10.00 
,Sell,7/28/23 10:00,Stop Loss,@CL,$77.75 ,,($340.00),"$79,475.10 ",,($340.00),0.00%,-94.44%,$0.19 ,$10.00 
356,Buy,7/28/23 16:00, Buy ,@CL,$78.29 ,$0.00 ,1,$879.62 ,1.15%,"$1,630.00 ",87.17%,,$0.19 ,$10.00 
,Sell,8/1/23 5:00,Exit Long,@CL,$79.19 ,,$900.00 ,"$80,354.72 ",,($240.00),60.96%,48.13%,$0.19 ,$10.00 
357,Sell Short,8/15/23 7:00, Sell ,@CL,$79.77 ,$0.00 ,1,$539.62 ,0.70%,"$1,450.00 ",86.83%,,$0.19 ,$10.00 
,Buy to Cover,8/16/23 9:00,Exit Short,@CL,$79.21 ,,$560.00 ,"$80,894.34 ",,($220.00),46.71%,33.53%,$0.19 ,$10.00 
358,Buy,8/25/23 16:00, Buy ,@CL,$78.43 ,$0.00 ,1,($50.38),-0.04%,$850.00 ,67.46%,,$0.19 ,$10.00 
,Sell,8/28/23 14:00,Exit Long,@CL,$78.40 ,,($30.00),"$80,843.96 ",,($410.00),30.16%,-2.38%,$0.19 ,$10.00 
359,Buy,8/29/23 6:00, Buy ,@CL,$78.84 ,$0.00 ,1,($410.38),-0.49%,$400.00 ,50.63%,,$0.19 ,$10.00 
,Sell,8/29/23 10:00,Stop Loss,@CL,$78.45 ,,($390.00),"$80,433.58 ",,($390.00),0.00%,-49.37%,$0.19 ,$10.00 
360,Buy,9/6/23 13:00, Buy ,@CL,$85.55 ,$0.00 ,1,$29.62 ,0.06%,$940.00 ,89.52%,,$0.19 ,$10.00 
,Sell,9/7/23 2:00,Exit Long,@CL,$85.60 ,,$50.00 ,"$80,463.20 ",,($110.00),15.24%,4.76%,$0.19 ,$10.00 
361,Buy,9/11/23 10:00, Buy ,@CL,$85.59 ,$0.00 ,1,"$1,579.62 ",1.87%,"$2,460.00 ",91.11%,,$0.19 ,$10.00 
,Sell,9/13/23 11:00,Exit Long,@CL,$87.19 ,,"$1,600.00 ","$82,042.82 ",,($240.00),68.15%,59.26%,$0.19 ,$10.00 
362,Buy,10/10/23 6:00, Buy ,@CL,$85.71 ,$0.00 ,1,($700.38),-0.79%,$20.00 ,2.86%,,$0.19 ,$10.00 
,Sell,10/10/23 7:00,Stop Loss,@CL,$85.03 ,,($680.00),"$81,342.44 ",,($680.00),0.00%,-97.14%,$0.19 ,$10.00 
363,Buy,10/17/23 19:00, Buy ,@CL,$86.79 ,$0.00 ,1,$869.62 ,1.03%,"$2,160.00 ",94.74%,,$0.19 ,$10.00 
,Sell,10/18/23 9:00,Exit Long,@CL,$87.68 ,,$890.00 ,"$82,212.06 ",,($120.00),44.30%,39.04%,$0.19 ,$10.00 
364,Sell Short,10/31/23 14:00, Sell ,@CL,$82.49 ,$0.00 ,1,$99.62 ,0.15%,"$1,370.00 ",98.56%,,$0.19 ,$10.00 
,Buy to Cover,11/1/23 7:00,Exit Short,@CL,$82.37 ,,$120.00 ,"$82,311.68 ",,($20.00),10.07%,8.63%,$0.19 ,$10.00 
365,Sell Short,11/9/23 16:00, Sell ,@CL,$75.83 ,$0.00 ,1,($760.38),-0.98%,$140.00 ,15.91%,,$0.19 ,$10.00 
,Buy to Cover,11/10/23 0:00,Stop Loss,@CL,$76.57 ,,($740.00),"$81,551.30 ",,($740.00),0.00%,-84.09%,$0.19 ,$10.00 
366,Sell Short,11/24/23 10:00, Sell ,@CL,$76.38 ,$0.00 ,1,($430.38),-0.54%,$130.00 ,24.07%,,$0.19 ,$10.00 
,Buy to Cover,11/24/23 10:00,Stop Loss,@CL,$76.79 ,,($410.00),"$81,120.92 ",,($410.00),0.00%,-75.93%,$0.19 ,$10.00 
367,Buy,11/24/23 12:00, Buy ,@CL,$77.29 ,$0.00 ,1,($620.38),-0.78%,$50.00 ,7.69%,,$0.19 ,$10.00 
,Sell,11/24/23 12:00,Stop Loss,@CL,$76.69 ,,($600.00),"$80,500.54 ",,($600.00),0.00%,-92.31%,$0.19 ,$10.00 
368,Sell Short,12/5/23 8:00, Sell ,@CL,$73.21 ,$0.00 ,1,($650.38),-0.86%,$790.00 ,55.63%,,$0.19 ,$10.00 
,Buy to Cover,12/5/23 10:00,Stop Loss,@CL,$73.84 ,,($630.00),"$79,850.16 ",,($630.00),0.00%,-44.37%,$0.19 ,$10.00 
369,Sell Short,12/5/23 14:00, Sell ,@CL,$73.10 ,$0.00 ,1,"$2,869.62 ",3.95%,"$3,740.00 ",99.20%,,$0.19 ,$10.00 
,Buy to Cover,12/7/23 4:00,Exit Short,@CL,$70.21 ,,"$2,890.00 ","$82,719.78 ",,($30.00),77.45%,76.66%,$0.19 ,$10.00 
370,Buy,12/18/23 8:00, Buy ,@CL,$72.40 ,$0.00 ,1,$549.62 ,0.79%,"$2,130.00 ",85.54%,,$0.19 ,$10.00 
,Sell,12/18/23 15:00,Exit Long,@CL,$72.97 ,,$570.00 ,"$83,269.40 ",,($360.00),37.35%,22.89%,$0.19 ,$10.00 
371,Sell Short,1/16/24 17:00, Sell ,@CL,$71.80 ,$0.00 ,1,$189.62 ,0.29%,"$1,380.00 ",89.03%,,$0.19 ,$10.00 
,Buy to Cover,1/17/24 12:00,Exit Short,@CL,$71.59 ,,$210.00 ,"$83,459.02 ",,($170.00),24.52%,13.55%,$0.19 ,$10.00 
372,Buy,1/24/24 10:00, Buy ,@CL,$75.06 ,$0.00 ,1,($180.38),-0.21%,$770.00 ,57.46%,,$0.19 ,$10.00 
,Sell,1/24/24 15:00,Exit Long,@CL,$74.90 ,,($160.00),"$83,278.64 ",,($570.00),30.60%,-11.94%,$0.19 ,$10.00 
373,Buy,2/7/24 6:00, Buy ,@CL,$73.86 ,$0.00 ,1,($420.38),-0.54%,$360.00 ,47.37%,,$0.19 ,$10.00 
,Sell,2/7/24 11:00,Stop Loss,@CL,$73.46 ,,($400.00),"$82,858.26 ",,($400.00),0.00%,-52.63%,$0.19 ,$10.00 